Outlet,Number,Address,Ward,Dist,ProvinceCode,Provice
Điện máy  Tâm Hiền,75,"Quang Trung ,Quang Trung ",Bắc Giang ,Bắc Giang,Bắc Giang,Bắc Giang
Công ty cổ phần Văn Chiến,1,"Hùng Vương ,Hoàng Văn thụ ",Bắc Ninh ,Bắc Ninh,Bắc Ninh,Bắc Ninh
Công ty TNHH TM & SX điện tử IKT, ,"Nguyễn Kỳ Phùng ,Gia Bình ",Gia Bình ,Bắc Ninh,Bắc Ninh,Bắc Ninh
Cửa hàng điện tử Văn Sáng,168,"Phố Mới TT Chờ ,Yên Phong ",Yên Phong ,Bắc Ninh,Bắc Ninh,Bắc Ninh
Đại Lý Đại Nam, , Khu đất mới  ,Đình Bảng ,Từ Sơn,Bắc Ninh,Bắc Ninh
Điện máy  Đức Thảo,178,"Yên Phong ,TT Chờ ",Bắc Ninh ,Bắc Ninh,Bắc Ninh,Bắc Ninh
Điện máy Giang Nam,22,"Lý Thái Tổ ,Đại Phúc ",Bắc Ninh ,Bắc Ninh,Bắc Ninh,Bắc Ninh
Điện máy Hằng Ngọc,252,"Trần Phú ,Đông Ngàn ",Bắc Ninh ,Bắc Ninh,Bắc Ninh,Bắc Ninh
Doanh nghiệp 1/5, ,Lim ,Tiên Du ,Tiên Du,Bắc Ninh,Bắc Ninh
Đại Lý Hải Lộc, ,Đại Đình ,Tân Hồng ,Tu Son,Bắc Ninh,Bắc Ninh
Đại Lý Kế Hưng, ,Ngô Gia Tự ,Tiền An ,Thành Phố Bắc Ninh,Bắc Ninh,Bắc Ninh
Đại Lý Long Mến,19,Nguyễn Đăng Đạo kéo dài  ,Nguyễn Đăng Đạo  ,Thành Phố Bắc Ninh,Bắc Ninh,Bắc Ninh
Đại Lý Minh Tiệp, ,Phố Núi ,Phố Núi ,Yên Phong,Bắc Ninh,Bắc Ninh
Đại Lý Ngọc Hải,363,Thịnh Lang ,Đình Bảng ,Từ Sơn,Bắc Ninh,Bắc Ninh
Đại Lý Thái Dũng, ,Dốc Sặt ,Đông Ngân ,Từ Sơn,Bắc Ninh,Bắc Ninh
Đại Lý Thắng Chuyên,367,Thịnh Lang ,Đình Bảng ,Từ Sơn,Bắc Ninh,Bắc Ninh
Đại Lý Thành Tâm,476,Ngô Gia Tự ,Tiền An ,Thành Phố Bắc Ninh,Bắc Ninh,Bắc Ninh
Đại Lý Thuần Mẫn, ,Thịnh Lang ,Đình Bảng ,Từ Sơn,Bắc Ninh,Bắc Ninh
Đại Lý Thùy Ninh,37,Nguyễn Văn Cừ ,Nguyễn Văn Cừ ,Thành Phố Bắc Ninh,Bắc Ninh,Bắc Ninh
Đại Lý Thủy Vững,39,Nguyễn Văn Cừ ,Nguyễn Văn Cừ ,Thành Phố Bắc Ninh,Bắc Ninh,Bắc Ninh
Đại Lý Toàn Loan, , Khu đất mới  ,Đình Bảng ,Từ Sơn,Bắc Ninh,Bắc Ninh
Đại Lý Trung Sơn, ,Cổng Ô ,Ninh Xá ,Thành Phố Bắc Ninh,Bắc Ninh,Bắc Ninh
Đại Lý Trường Thịnh, ,Khu Đất Mới ,Khu Đất Mới ,Từ Sơn,Bắc Ninh,Bắc Ninh
Đại Lý Bình Láu,Ngã 3 ,Ngã 3 Hồng Phú ,Hai Bà Trưng ,Phủ Lý,Hà Nam,Hà Nam
Đại Lý Bình Thủy,579,Lý Thường Kiệt ,Lê Hồng Phong ,Phủ Lý,Hà Nam,Hà Nam
Điện máy  Kiên Đại Thịnh, ,"Đường 1A ,Hai Bà Trưng ",Phủ Lý ,Hà Nam,Hà Nam,Hà Nam
Điện máy  Tuyến Chảo,120,"Đường 1A ,Lê Hoàn ",Phủ Lý ,Hà Nam,Hà Nam,Hà Nam
Điện máy Sáu Hường, ,"Thi Sơn ,Kim Bảng ",Kim Bảng ,Hà Nam,Hà Nam,Hà Nam
Đại Lý Duyên Mạnh, ,Hưng Hòa ,Hòa Mạc ,Duy Tiên,Hà Nam,Hà Nam
Đại Lý HDC,109,Lê Công Thanh ,Hai Bà Trưng ,Phủ Lý,Hà Nam,Hà Nam
Đại Lý Hoài Nam, ,Tổ 6 ,Quang Trung ,Phủ Lý,Hà Nam,Hà Nam
Đại Lý Hoàng Anh Minh, ,Đường Lê Duẩn ,KĐT Liêm Chính ,Phủ Lý,Hà Nam,Hà Nam
Đại Lý Hoàng Hiệp, ,xóm 11 ,Chính Lý ,Lý Nhân,Hà Nam,Hà Nam
Đại Lý Hồng Tư, ,Ngã 3 Hồng Phú ,Hai Bà Trưng ,Phủ Lý,Hà Nam,Hà Nam
Đại Lý Hưng Hà,182,Lê Công Thanh ,Hai Bà Trưng ,Phủ Lý,Hà Nam,Hà Nam
Đại Lý Huyền Long, ,Xóm 6 ,Thi Sơn ,Kim Bảng,Hà Nam,Hà Nam
Đại Lý Nam Hồng,Ngã 3 ,Ngã 3 Hồng Phú ,Hai Bà Trưng ,Phủ Lý,Hà Nam,Hà Nam
Đại Lý Ngọc Khôi, ,Thôn  Trịnh  ,Duy Minh ,Duy Tiên,Hà Nam,Hà Nam
Đại Lý Nhân Nghĩa, ,Phố Cà ,Thanh Nguyên ,Thanh Liêm,Hà Nam,Hà Nam
Đại Lý Như Ý, ,Thôn Chuông ,Duy Minh ,Duy Tiên,Hà Nam,Hà Nam
Đại Lý Thanh Bình, ,Đội 11 ,Ngọc Lũ ,Bình Lục,Hà Nam,Hà Nam
Đại Lý Thanh Hùng Phát,Số 2 ,Trần Phú  ,Quang Trung ,Phủ Lý,Hà Nam,Hà Nam
Đại Lý Thu Lan,68,Trần Phú ,Quang Trung ,Phủ Lý,Hà Nam,Hà Nam
Đại Lý Thuý Nghị, ,Chợ Dầu ,Tượng Lĩnh ,Kim Bảng,Hà Nam,Hà Nam
Đại Lý Tiến Dũng, ,Xóm 2 ,Thi Sơn ,Kim Bảng,Hà Nam,Hà Nam
Đại Lý Tươi Vinh, ,Thôn Mạc Hạ ,Công Lý ,Lý Nhân,Hà Nam,Hà Nam
Đại Lý Vũ Huỳnh,92,Lê Hoàn ,Quang Trung ,Phủ Lý,Hà Nam,Hà Nam
Đại Lý An Thành,318,Kim Ngưu ,Thanh Lương ,Hai Bà Trưng,Hà Nội,Hà Nội
Đại Lý Anh Dương, ,Sài Đồng ,Sài Đồng ,Gia Lâm,Hà Nội,Hà Nội
Đại Lý Anh Dưỡng,148,Đức Giang ,Đức Giang ,Gia Lâm,Hà Nội,Hà Nội
Đại Lý Anh Khoa,68,Nguyên Xá ,Từ Liêm ,Bắc Từ Liêm,Hà Nội,Hà Nội
Đại Lý Anh Khoa,191,Vũ Xuân Thiều ,Sài Đồng ,Gia Lâm,Hà Nội,Hà Nội
Đại Lý Anh Mão, ,Ninh Hiệp ,Ninh Hiệp ,Gia Lâm,Hà Nội,Hà Nội
Đại Lý Anh Thể,154,Vĩnh Hưng ,Vĩnh Hưng ,Hoàng Mai,Hà Nội,Hà Nội
Đại Lý Bich Hiền,39,"Hoàng Văn Thái ,Khương Trung ",Thanh Xuân ,Hà Nội,Hà Nội,Hà Nội
Đại Lý Bích Ngọc,169,Ngô Gia Tự ,Ngô Gia Tự ,Gia Lâm,Hà Nội,Hà Nội
Đại Lý Bình Hương,141, Chùa Thông ,Sơn Lộc ,Sơn Tây,Hà Nội,Hà Nội
Đại Lý Bình Khoa,293,Thanh Nhàn ,Thanh Nhàn ,Hai Bà Trưng,Hà Nội,Hà Nội
CH Việt,329,"Nguyễn Văn Cừ ,Long Biên ",Thanh Hóa ,Hà Nội,Hà Nội,Hà Nội
Đại Lý Chi Thùy, ,Phố mỹ ,Mê Linh ,Hà Nội,Hà Nội,Hà Nội
Công ty Tân Đảo,64,Nguyễn Hữu Thọ ,Hoàng Mai ,Hoàng Mai,Hà Nội,Hà Nội
Cty CP Digicity VN,221,"Tầng 1, Thanh Nhàn ",Ba Đình ,Hà Nội,Hà Nội,Hà Nội
Cty CPDVTM AHB Việt Nam,"50A, hẻm 58/95/92 ","Nguyễn Khánh Toàn ,Tổ 46, Quan Hoa ",Cầu Giấy ,Hà Nội,Hà Nội,Hà Nội
Cty TNHH Tài Thịnh, ,"Trần Khát Chân ,Thanh Nhàn  ",Hai Bà Trưng ,Hà Nội,Hà Nội,Hà Nội
Cty TNHH TM & KT điện tử điện lạnh Bách Khoa,23,"Nguyễn Khánh Toàn ,Quan Hoa ",Cầu Giấy ,Hà Nội,Hà Nội,Hà Nội
Cty TNHH Vinadu ,16,Phan Chu Trinh ,Hoàn Kiếm ,Hà Nội,Hà Nội,Hà Nội
Cửa hàng PANIX,146,Trung Kính ,Yên Hòa ,Cầu Giấy,Hà Nội,Hà Nội
Đại Lý Đại An,134,Ngô Gia Tự ,Đức Giang ,Gia Lâm,Hà Nội,Hà Nội
Đại Lý Dậu Yến,70,"Tô Vĩnh Diện ,Khương Trung ",Thanh Xuân ,Hà Nội,Hà Nội,Hà Nội
Điện Lạnh Hà Nội,356,Lạc Long Quân ,Xuân La ,Tây Hồ,Hà Nội,Hà Nội
Điện lạnh và thiết bị vệ sinh Tuấn Anh, ,Đông La ,Đông La ,Hoài Đức,Hà Nội,Hà Nội
Điện máy An Thành,318,"Kim Ngưu ,Hai Bà Trưng ",Hai Bà Trưng ,Hà Nội,Hà Nội,Hà Nội
Điện máy Anh Thắng,38,"Khu Đô thị sóc sơn ,Sóc Sơn ",Sóc Sơn ,Hà Nội,Hà Nội,Hà Nội
Điện máy Bá Vương, ,"Bùi Sơn  ,Chúc Sơn ",Chương Mỹ ,Hà Nội,Hà Nội,Hà Nội
Điện máy Long Bình, ,"Văn Hội ,Thường Tín ",Thường Tín ,Hà Nội,Hà Nội,Hà Nội
Điện máy Tân Hường, ,"Cống Đặng, Bình Phú ,Thạch Thất ",Thạch Thất ,Hà Nội,Hà Nội,Hà Nội
Điện máy Thành Tuyến,183,"Sơn Lộc ,Sơn Tây ",Sơn Tây ,Hà Nội,Hà Nội,Hà Nội
Điện máy Thiên Phú,488,"Hà Huy Tập ,Yên Viên ",Gia Lâm ,Hà Nội,Hà Nội,Hà Nội
Điện máy Thu Hiền,93,"Tân Bình ,Xuân Mai ",Chương Mỹ ,Hà Nội,Hà Nội,Hà Nội
Điện máy Trung Hải, ,"Tổ 4 ,Đề Thám ",Cao Bằng ,Hà Nội,Hà Nội,Hà Nội
Điện máy Tùng Linh, ,"TT Tía ,Thường Tín ",Thường Tín ,Hà Nội,Hà Nội,Hà Nội
Điện tử điện lạnh Đạt Bình, ,"tt Xuân Mai ,Chương Mỹ ",Chương Mỹ ,Hà Nội,Hà Nội,Hà Nội
Điện Tử Điện Lạnh Đỗ Trân,2,"Thanh Ấm,Vân Đình ,Ứng Hòa ",Ứng Hòa ,Hà Nội,Hà Nội,Hà Nội
Điện Tử Điện Lạnh Minh Anh,68,Kim Mã ,Ba Đình ,Hà Nội,Hà Nội,Hà Nội
Đại Lý Đông Đức,276,"Trường Chinh ,Khương Trung ",Thanh Xuân ,Hà Nội,Hà Nội,Hà Nội
Đại Lý Đức Anh,319,"Trường Chinh ,Khương Trung ",Thanh Xuân ,Hà Nội,Hà Nội,Hà Nội
Đại Lý Đức Đạt, ,Cự Khối ,Cự Khối ,Gia Lâm,Hà Nội,Hà Nội
Đại Lý Đức Phương, ,"Vạn Phúc ,Vạn Phúc ",Hà Đông ,Hà Nội,Hà Nội,Hà Nội
Đại Lý Đức Tín, ,"Cát Linh ,Cát Linh ",Đống Đa ,Hà Nội,Hà Nội,Hà Nội
Đại Lý Dương Hà,330,Hồ Tùng Mậu ,Mai Dịch ,Từ Liêm,Hà Nội,Hà Nội
Đại Lý Dương Nhi, ,Xóm Me ,Phù Đổng ,Gia Lâm,Hà Nội,Hà Nội
Đại Lý Duyệt Ngân,247, Hoàng Quốc Việt ,Nghĩa Tân ,Cầu Giấy,Hà Nội,Hà Nội
Đại Lý Gia Bảo,343,Hoàng Quốc Việt ,Nghĩa Tân ,Cầu Giấy,Hà Nội,Hà Nội
Đại Lý Hà Ngân ,17,Thanh Nhàn ,Thanh Nhàn ,Hai Bà Trưng,Hà Nội,Hà Nội
Đại Lý Hà Phương,15,Thạch Bàn  ,Thạch Bàn  ,Gia Lâm,Hà Nội,Hà Nội
Đại Lý Hà Thành,535,Nguyễn Văn Cừ ,Gia Thuỵ ,Gia Lâm,Hà Nội,Hà Nội
Đại Lý Hải Châu,104,Trần Duy Hưng ,Trung Hòa ,Cầu Giấy,Hà Nội,Hà Nội
Đại Lý Hải Châu,115,Thanh Nhàn ,Thanh Nhàn ,Hai Bà Trưng,Hà Nội,Hà Nội
Đại Lý Hải Giang,102,Vĩnh Hưng ,Vĩnh Hưng ,Hoàng Mai,Hà Nội,Hà Nội
Đại Lý Hải Linh, ,Kho Thông Tấn ,Phương Canh ,Nam Từ Liêm,Hà Nội,Hà Nội
Đại Lý Hải Linh,26,"Vồi ,TT Thường Tín ",Thường Tín ,Hà Nội,Hà Nội,Hà Nội
Đại Lý Hải Nhàn,49,Đa Tốn ,Đa Tốn ,Gia Lâm,Hà Nội,Hà Nội
Đại Lý Hải Quân,214,"Hoàng Văn Thái ,Khương Trung ",Thanh Xuân ,Hà Nội,Hà Nội,Hà Nội
Đại Lý Hải Vượng,507,Văn Điển ,Văn Điển ,Thanh Trì,Hà Nội,Hà Nội
Đại Lý Hải Yến,175,Vũ Xuân Thiều ,Vũ Xuân Thiều ,Gia Lâm,Hà Nội,Hà Nội
Đại Lý Hằng Đàn,509,Yên Viên ,Yên Viên ,Gia Lâm,Hà Nội,Hà Nội
Đại Lý Hằng Hạnh,89,Trần Duy Hưng ,Trung Hòa ,Cầu Giấy,Hà Nội,Hà Nội
Đại Lý Hào Thủy,299,Yên Duyên ,Yên Sở ,Hoàng Mai,Hà Nội,Hà Nội
Đại Lý Hậu Tuyết, , Cụm 6 ,Tân Lập ,Đan Phượng,Hà Nội,Hà Nội
Đại Lý Hiền Huệ,173,Hoàng Quốc Việt ,Nghĩa Tân ,Cầu Giấy,Hà Nội,Hà Nội
Đại Lý Hiếu Hiền,18,Tam Trinh ,Hoàng Văn Thụ ,Hoàng Mai,Hà Nội,Hà Nội
Đại Lý Hoàng Hải, , Phố Mới ,Viên Sơn ,Sơn Tây,Hà Nội,Hà Nội
Đại Lý Hoàng Huy,307,Thạch Bàn ,Thạch Bàn ,Gia Lâm,Hà Nội,Hà Nội
Đại Lý Hoàng Mai,116,Kim Ngưu ,Thanh Lương ,Hai Bà Trưng,Hà Nội,Hà Nội
Đại Lý Hoàng Sơn,325,Hoàng Quốc Việt ,Nghĩa Tân ,Cầu Giấy,Hà Nội,Hà Nội
Đại Lý Hoàng Thành,14,Trạm ,Trạm ,Gia Lâm,Hà Nội,Hà Nội
Đại Lý Học Hằng,121, Mễ Trì Thượng ,Mễ Trì ,Từ Liêm,Hà Nội,Hà Nội
Đại Lý Hồng Giang,30,Hoàng Quốc Việt ,Nghĩa Tân ,Cầu Giấy,Hà Nội,Hà Nội
Đại Lý Hợp Hương,47,"Nguyễn Lương Bằng ,Nam Đồng ",Đống Đa ,Hà Nội,Hà Nội,Hà Nội
Đại Lý Huệ An,80,Trần Duy Hưng , ,Cầu Giấy,Hà Nội,Hà Nội
Đại Lý Hùng Hương,253,Hoàng Quốc Việt ,Nghĩa Tân ,Cầu Giấy,Hà Nội,Hà Nội
Đại Lý Hùng Hương,99,Trần Duy Hưng ,Trung Hòa ,Cầu Giấy,Hà Nội,Hà Nội
Đại Lý Hùng Quý ,40,"Trần Hữu Tước ,Nam Đồng ",Đống Đa ,Hà Nội,Hà Nội,Hà Nội
Đại Lý Hùng Thư,28,Thanh Nhàn ,Thanh Nhàn ,Hai Bà Trưng,Hà Nội,Hà Nội
Đại Lý Hương Dũng,5,Phố Mã ,Phù Linh ,Sóc Sơn,Hà Nội,Hà Nội
Đại Lý Hương Khôi,11A  ,Thanh Nhàn ,Thanh Nhàn ,Hai Bà Trưng,Hà Nội,Hà Nội
Đại Lý Huy Vân,211,Hoàng Quốc Việt ,Nghĩa Tân ,Cầu Giấy,Hà Nội,Hà Nội
Đại Lý Khải Huyền,193,Đức Giang ,Đức Giang ,Gia Lâm,Hà Nội,Hà Nội
Đại Lý Khôi Nguyên,111,Hoàng Quốc Việt ,Nghĩa Tân ,Cầu Giấy,Hà Nội,Hà Nội
Đại Lý Kim Thu, ,"Phương Trung ,Phương Trung ",Thanh Oai ,Hà Nội,Hà Nội,Hà Nội
Đại Lý La Hào,0,Quang Trung  ,Hà Đông ,Hà Nội,Hà Nội,Hà Nội
Đại Lý Lâm Hương,34,Lạc Trung ,Vĩnh Tuy ,Hai Bà Trưng,Hà Nội,Hà Nội
Đại Lý Lan Quý,452,Lạc Long Quân ,Nghĩa Đô ,Tây Hồ,Hà Nội,Hà Nội
Đại Lý Lan Thắng,79,Quang Trung ,Quang Trung ,Sơn Tây,Hà Nội,Hà Nội
Đại Lý Lan Vân, ,tráng việt ,Mê Linh ,Mê Linh,Hà Nội,Hà Nội
Đại Lý Long Anh ,176,"Nguyễn Xiển ,Kim Giang ",Thanh Xuân ,Hà Nội,Hà Nội,Hà Nội
Đại Lý Long Thu,120,Núi đôi ,Núi đôi ,Sóc Sơn,Hà Nội,Hà Nội
Đại Lý Long Xuyến,517,Nguyễn Văn Cừ ,Nguyễn Văn Cừ ,Gia Lâm,Hà Nội,Hà Nội
Đại Lý Mai Chiến,142,"Trường Chinh ,Phương Liệt ",Đống Đa ,Hà Nội,Hà Nội,Hà Nội
Đại Lý Mai Dũng,17,Kiot Hà Huy Tập ,Yên Viên ,Gia Lâm,Hà Nội,Hà Nội
Đại Lý Mạnh Thanh, ,"Xóm Mới ,Hà Hồi ",Thường Tín ,Hà Nội,Hà Nội,Hà Nội
Đại Lý Mi Lan,704,Lạc Long Quân ,Nghĩa Đô ,Tây Hồ,Hà Nội,Hà Nội
Đại Lý Minh Đức,134,Trung Hòa ,Trung Hòa ,Cầu Giấy,Hà Nội,Hà Nội
Đại Lý Minh Dũng,107-109 ,Trần Duy Hưng ,Trung Hòa ,Cầu Giấy,Hà Nội,Hà Nội
Đại Lý Minh Hiền ,476,Lĩnh Nam ,Lĩnh Nam ,Hoàng Mai,Hà Nội,Hà Nội
Đại Lý Minh Hùng,172,Việt Hưng ,Việt Hưng ,Gia Lâm,Hà Nội,Hà Nội
Đại Lý Minh Ngoc,11,Cát Linh ,Đống Đa ,Hà Nội,Hà Nội,Hà Nội
Đại Lý Minh phương,117 -119 ,Hoàng Quốc Việt ,Nghĩa Tân ,Cầu Giấy,Hà Nội,Hà Nội
Đại Lý Minh Thái,467,Yên Viên ,Yên Viên ,Gia Lâm,Hà Nội,Hà Nội
Đại Lý Minh Thủy,13,"Cát Linh ,Cát Linh ",Đống Đa ,Hà Nội,Hà Nội,Hà Nội
Đại Lý Minh Trang,42,Sài Đồng  ,Sài Đồng  ,Gia Lâm,Hà Nội,Hà Nội
Đại Lý Minh Trang,87,"Nguyễn Xiển ,Kim Giang ",Thanh Xuân ,Hà Nội,Hà Nội,Hà Nội
Đại Lý Minh Trí,21,"An Trạch, Cát Linh ",Đống Đa ,Hà Nội,Hà Nội,Hà Nội
Đại Lý Minh Tú,20,Hoàng Quốc Việt ,Nghĩa Tân ,Cầu Giấy,Hà Nội,Hà Nội
Đại Lý Minh Vấn, ,Phố mỹ ,Mê Linh ,Mê Linh,Hà Nội,Hà Nội
Đại Lý MK Việt Nam,35,Nguyễn Văn Trỗi ,Thanh Xuân ,Hà Nội,Hà Nội,Hà Nội
Đại Lý Mỹ Lan,254,"Đường Láng ,Thịnh Quang ",Đống Đa ,Hà Nội,Hà Nội,Hà Nội
Đại Lý Nam Anh, ,Khu 6 ,Trạm Trôi ,Hoài Đức,Hà Nội,Hà Nội
Đại Lý Nga Lợi,167,Lĩnh Nam ,Hoàng Mai ,Hoàng Mai,Hà Nội,Hà Nội
Đại Lý Ngọc An,77,"An Trạch,Cát Linh ",Đống Đa ,Hà Nội,Hà Nội,Hà Nội
Đại Lý Ngọc Minh,121,Ngô Gia Tự ,Ngô Gia Tự ,Gia Lâm,Hà Nội,Hà Nội
Đại Lý Nguyên Hưng,369,Hoàng Quốc Việt ,Nghĩa Tân ,Cầu Giấy,Hà Nội,Hà Nội
Đại Lý Nguyễn Khôi,323,Hoàng Quốc Việt ,Nghĩa Tân ,Cầu Giấy,Hà Nội,Hà Nội
Đại Lý Nguyên Nam,537,Nguyễn Văn Cừ ,Nguyễn Văn Cừ ,Gia Lâm,Hà Nội,Hà Nội
Đại Lý Nguyễn Ninh,507,Nguyễn Văn Cừ ,Nguyễn Văn Cừ ,Gia Lâm,Hà Nội,Hà Nội
Đại Lý Nhung Hưng,201,Thanh Nhàn ,Thanh Nhàn ,Hai Bà Trưng,Hà Nội,Hà Nội
Đại Lý Phong Huê, ,tiến thịnh ,Mê Linh ,Mê Linh,Hà Nội,Hà Nội
Đại Lý Phong Trang,601,Lạc Long Quân ,Nghĩa Đô ,Tây Hồ,Hà Nội,Hà Nội
Đại Lý Phú Hải,109,Trần Duy Hưng ,Trung Hòa ,Cầu Giấy,Hà Nội,Hà Nội
Đại Lý Phúc Liên,12,Cát Linh  ,Đống Đa ,Hà Nội,Hà Nội,Hà Nội
Đại Lý Phúc Lương,128,"Khương trung ,Khương Trung ",Thanh Xuân ,Hà Nội,Hà Nội,Hà Nội
Đại Lý Phụng Thực, , Tỉnh Lộ 419 ,Đại Đồng ,Thạch Thất,Hà Nội,Hà Nội
Đại Lý Phương Anh,308,Ngô Gia Tự ,Đức Giang ,Gia Lâm,Hà Nội,Hà Nội
Đại Lý Phương Nga,85,Cổ Bi ,Cổ Bi ,Gia Lâm,Hà Nội,Hà Nội
Đại Lý Quân Hằng,222,Thạch Bàn ,Thạch Bàn ,Gia Lâm,Hà Nội,Hà Nội
Đại Lý Quảng Nga,255,"Trường Chinh ,Khương Trung ",Thanh Xuân ,Hà Nội,Hà Nội,Hà Nội
Đại Lý Quang Nguyên,10/79 ngõ 259 ,Yên Hòa ,Yên Hòa ,Cầu Giấy,Hà Nội,Hà Nội
Đại Lý Quang Oanh, ,"Khu 29, TT Phú Xuyên ,TT Phú Xuyên ",Phú Xuyên ,Hà Nội,Hà Nội,Hà Nội
Đại Lý Quốc Hùng,42,Sài Đồng  ,Sài Đồng ,Gia Lâm,Hà Nội,Hà Nội
Đại Lý Seabig,391,"Nguyễn Xiển ,Kim Giang ",Thanh Xuân ,Hà Nội,Hà Nội,Hà Nội
Đại Lý Sơn Hoa,272,"Đường Láng ,Thịnh Quang ",Đống Đa ,Hà Nội,Hà Nội,Hà Nội
Đại Lý Sơn Luận,32,Thanh Nhàn ,Thanh Nhàn ,Hai Bà Trưng,Hà Nội,Hà Nội
Đại Lý Tam Hằng,533,Nguyễn Đức Thuận ,Nguyễn Đức Thuận ,Gia Lâm,Hà Nội,Hà Nội
Đại Lý Tâm Việt,140,"Khuất Duy Tiến ,Thanh Xuân Trung ",Thanh Xuân ,Hà Nội,Hà Nội,Hà Nội
Đại Lý Tạo Yến,0,"Ngã tư Linh Sơn ,TT Chúc Sơn ",Chương Mỹ ,Hà Nội,Hà Nội,Hà Nội
Đại Lý Thắng Chinh,19,"Lê Trọng Tấn ,La Khê ",Hà Đông ,Hà Nội,Hà Nội,Hà Nội
Đại Lý Thắng Dần,42,"Bích Câu ,Cát Linh ",Đống Đa ,Hà Nội,Hà Nội,Hà Nội
Đại Lý Thành Công,405,Ngọc Thuỵ ,Ngọc Thuỵ ,Gia Lâm,Hà Nội,Hà Nội
Đại Lý Thành Đạt, ,Khu 7 ,Trạm Trôi ,Hoài Đức,Hà Nội,Hà Nội
Đại Lý Thành Đạt,355,Hoàng Quốc Việt ,Nghĩa Tân ,Cầu Giấy,Hà Nội,Hà Nội
Đại Lý Thành Nam, ,"Cát Linh ,Cát Linh ",Đống Đa ,Hà Nội,Hà Nội,Hà Nội
Đại Lý Thanh Sơn,515,Nguyễn Văn Cừ ,Nguyễn Văn Cừ ,Long Biên,Hà Nội,Hà Nội
Đại Lý Thành Thắng ,797,Ngô Gia Tự ,Đức Giang ,Gia Lâm,Hà Nội,Hà Nội
Đại Lý Thanh Tuấn, , Đường 181 ,Phú Thuỵ ,Gia Lâm,Hà Nội,Hà Nội
Đại Lý Thể Thái,158,Đường 2 ,Phù Lỗ ,Sóc Sơn,Hà Nội,Hà Nội
Đại Lý Thiện Oanh,280,Ngô Gia Tự ,Đức Giang ,Gia Lâm,Hà Nội,Hà Nội
Đại Lý Thịnh Điển, ,"Khu 7 ,Tiền Phong ",Mê Linh ,Mê Linh,Hà Nội,Hà Nội
Đại Lý Thưởng Hằng, , Xóm 8 ,Ninh Hiệp ,Gia Lâm,Hà Nội,Hà Nội
Đại Lý Thúy Huống,40,Tư Đình ,Tư Đình ,Gia Lâm,Hà Nội,Hà Nội
Đại Lý Tiến Hằng, ,Phúc Viên ,Bồ Đề ,Gia Lâm,Hà Nội,Hà Nội
Đại Lý Tiến Mạnh,133 & 144 ,Hoàng Quốc Việt ,Nghĩa Tân ,Cầu Giấy,Hà Nội,Hà Nội
Đại Lý Tiến Ngọc ,43,"Đê La Thành ,Đê La Thành ",Đống Đa ,Hà Nội,Hà Nội,Hà Nội
Đại Lý Tình Dung,209 -217 ,Hoàng Quốc Việt ,Nghĩa Tân ,Cầu Giấy,Hà Nội,Hà Nội
Đại Lý Toàn Ngọc,110,Phan Trọng Tuê ,Thanh Trì ,Thanh Trì,Hà Nội,Hà Nội
Đại Lý Toàn Tiến,67,"Thanh Lãm ,Phố Xám ",Hà Đông ,Hà Nội,Hà Nội,Hà Nội
Đại Lý Tôn Huệ,269,Thanh Nhàn ,Thanh Nhàn ,Hai Bà Trưng,Hà Nội,Hà Nội
Đại Lý Trang Huy,75,La Khê ,Hà Đông ,Hà Nội,Hà Nội,Hà Nội
Đại Lý Trang Minh,553,Nguyễn Văn Linh ,Phúc Đồng ,Gia Lâm,Hà Nội,Hà Nội
Đại Lý Trường Anh, ,Đường 2 ,Phù Lỗ ,Sóc Sơn,Hà Nội,Hà Nội
Đại Lý Tuấn Anh,340,Lạc Long Quân ,Nghĩa Đô ,Tây Hồ,Hà Nội,Hà Nội
Đại Lý Tuấn Hằng,607,Ngô Gia Tự ,Ngô Gia Tự ,Gia Lâm,Hà Nội,Hà Nội
Đại Lý Tuấn Mai,237,Tây tựu ,Tây Tựu ,Bắc Từ Liêm,Hà Nội,Hà Nội
Đại Lý Tuấn Mạnh,102,"Khuất Duy Tiến ,Thanh Xuân bắc ",Thanh Xuân ,Hà Nội,Hà Nội,Hà Nội
Đại Lý Tuấn Nga,279,Ngô Gia Tự ,Ngô Gia Tự ,Gia Lâm,Hà Nội,Hà Nội
Đại Lý Tuấn Oanh,94,Lạc Trung ,Vĩnh Tuy ,Hai Bà Trưng,Hà Nội,Hà Nội
Đại Lý Tuấn Tú,19C ,Cát Linh ,Đống Đa ,Hà Nội,Hà Nội,Hà Nội
Đại Lý Tuệ Thêm,267,Chùa Thông ,Sơn Lộc ,Sơn Tây,Hà Nội,Hà Nội
Đại Lý Tùng Linh,42,"Đường 429  ,Phố Tía ",Thường Tín ,Hà Nội,Hà Nội,Hà Nội
Đại Lý Tùng Thủy,140,Ngọc Thụy ,Ngọc Thụy ,Gia Lâm,Hà Nội,Hà Nội
Đại Lý Tường Huyền,198,Vĩnh Hưng ,Vĩnh Hưng ,Hoàng Mai,Hà Nội,Hà Nội
Đại Lý Tuyến Ngân, ,tiến thịnh ,Mê Linh ,Mê Linh,Hà Nội,Hà Nội
Đại Lý Vạn Phúc,70,"An Trạch ,Cát Linh ",Đống Đa ,Hà Nội,Hà Nội,Hà Nội
Đại Lý Vân Thực,13/3 , Cát Linh ,Đống Đa ,Hà Nội,Hà Nội,Hà Nội
Đại Lý Vĩnh Hoạt,58,Việt Hưng ,Việt Hưng ,Gia Lâm,Hà Nội,Hà Nội
Đại Lý Xuân Công,29,Hoàng Quốc Việt ,Nghĩa Tân ,Cầu Giấy,Hà Nội,Hà Nội
Đại Lý Xuân Trạng,740,"Đường Láng ,Láng Thượng ",Đống Đa ,Hà Nội,Hà Nội,Hà Nội
Đại Lý Yến Bang,207,Vũ Xuân Thiều ,Sài Đồng ,Gia Lâm,Hà Nội,Hà Nội
Điện máy Đồng Tâm 2, ,"Đoàn Kết ,Lai Châu ",Mai Châu ,Hòa Bình,Hòa Bình,Hòa Bình
Điện máy Tám Oanh, ,"Tân Thịnh , ",Tân Lạc ,Hòa Bình,Hòa Bình,Hòa Bình
Điện máy Tuấn Hạnh, ,"Mãn Đức ,Tân Lạc ",Tân Lạc ,Hòa Bình,Hòa Bình,Hòa Bình
Đại Lý Nhung Tư,554,Cù Chính Lan ,Đồng Tiến ,Hòa Bình,Hòa Bình,Hòa Bình
Đại Lý Quốc Toản, ,Xóm Ngọc ,Trung Minh ,Hòa Bình,Hòa Bình,Hòa Bình
Đại Lý Ái Liên, , Phạm Ngũ Lão , Ân Thi ,Ân Thi,Hưng Yên,Hưng Yên
Đại Lý Chánh Hiền, ,Quốc Lộ 5 , Như Quỳnh ,Văn Lâm,Hưng Yên,Hưng Yên
Công ty TNHH SX và TM Điện tử Xuân Trường TH,28,"Tổ dân cư số 3 ,TT Như Quỳnh ",Văn Lâm ,Hưng Yên,Hưng Yên,Hưng Yên
Điện máy  Công Bằng, ,"Như Quỳnh ,Như Quỳnh ",Hưng Yên ,Hưng Yên,Hưng Yên,Hưng Yên
Điện máy  Khánh Hoàn, ,"Yến phú ,Yên Mỹ ",Hưng Yên ,Hưng Yên,Hưng Yên,Hưng Yên
Điện máy  Lâm Duy,665,"Nguyễn Văn Linh ,Hiên Nam ",Hưng Yên ,Hưng Yên,Hưng Yên,Hưng Yên
Điện máy  Phạm Liên,183,"Thị Trấn Bần Yên Nhân ,Thị Trấn Bần ",Mỹ Hào ,Hưng Yên,Hưng Yên,Hưng Yên
Điện tử điện lạnh Hùng Thanh,167,"QL5, Chợ đường Cái ,Trưng Trắc  ",Văn Lâm ,Hưng Yên,Hưng Yên,Hưng Yên
Đại Lý Dung Lợi, ,Quốc Lộ 5 ,Dị Sử ,Mỹ Hào,Hưng Yên,Hưng Yên
Đại Lý Hiệp Liên, ,Tỉnh Lộ 196 ,Nhân Hòa ,Mỹ Hào,Hưng Yên,Hưng Yên
Đại Lý Hoàng Dương, , Nguyễn Văn Linh ,An Tảo ,Hưng Yên,Hưng Yên,Hưng Yên
Đại Lý Hồng Nguyện, ,Ga Lạc Đạo ,Lạc Đạo  ,Văn Lâm,Hưng Yên,Hưng Yên
Đại Lý Huân Hằng, ,Thị trấn Khoái châu , Khoái Châu ,Khoái Châu,Hưng Yên,Hưng Yên
Đại Lý Huy Hùng, ,Phố Đìa ,Đặng Lễ ,Ân Thi,Hưng Yên,Hưng Yên
Đại Lý Mạnh Nguyệt, ,Bô Thời ,Hồng Tiến ,Khoái Châu,Hưng Yên,Hưng Yên
Đại Lý Nghĩa Dung, ,Quốc Lộ 39 ,Hồng Tiến ,Khoái Châu,Hưng Yên,Hưng Yên
Đại Lý Ngọc mai, ,Thị Thư ,Tân Lập ,Yên mỹ,Hưng Yên,Hưng Yên
Đại Lý Nguyên Nhật, ,Chợ Đường Cái ,Trưng Trắc ,Văn Lâm,Hưng Yên,Hưng Yên
Đại Lý Phương Nam, ,Cầu Mới ,Vĩnh Khúc ,Văn Giang,Hưng Yên,Hưng Yên
Đại Lý Quân Thu, ,Thị tứ Bố Thời ,Hồng Tiến ,Khoái Châu,Hưng Yên,Hưng Yên
Đại Lý Song Huỳnh, ,Chợ Đông Tảo ,Đông Tảo ,Khoái Châu,Hưng Yên,Hưng Yên
Đại Lý Tân Huyền, ,Thị trấn Khoái châu , Khoái Châu ,Khoái Châu,Hưng Yên,Hưng Yên
Đại Lý Tấn Luyến, ,Cẩm Sơn ,Cẩm Sơn ,Mỹ Hào,Hưng Yên,Hưng Yên
Đại Lý Thành Lan, ,Từ Hồ ,Yên Phú ,Yên mỹ,Hưng Yên,Hưng Yên
Đại Lý Thiên Luyến, ,Chợ Đường Cái ,Trưng Trắc ,Văn Lâm,Hưng Yên,Hưng Yên
Đại Lý Trung Hằng, ,Thị trấn Văn Giang , Văn Giang ,Văn Giang,Hưng Yên,Hưng Yên
Đại Lý Trường Phú, ,Tô Hiệu ,Lê Lợi ,Hưng Yên,Hưng Yên,Hưng Yên
Đại Lý Trường Thanh, ,Nguyễn Thiện Thuật ,Lê Lợi ,Hưng Yên,Hưng Yên,Hưng Yên
Đại Lý Tuấn Tú, ,Chợ Đường Cái ,Trưng Trắc ,Văn Lâm,Hưng Yên,Hưng Yên
Đại Lý Tươi Việt, ,Tỉnh Lộ 204 ,Hồng Tiến ,Khoái Châu,Hưng Yên,Hưng Yên
Đại Lý Vinh Thủy, ,"Quang Trung , ",Vinh ,Hưng Yên,Hưng Yên,Hưng Yên
Đại Lý Bốt Tươi, , ,Nghĩa Hải ,Nghĩa Hưng,Nam Định,Nam Định
Đại Lý Cẩn Duyên,126,Điện Biên ,Thị trấn Cổ Lễ ,Trực Ninh,Nam Định,Nam Định
Cty TNHH Bình Sơn - Thủy Tâm,258,"Trần Hưng Đạo ,Trần Hưng Đạo ",Nam Định ,Nam Định,Nam Định,Nam Định
Đại Lý Đăng Văn,26 tổ 2 ,Đường 10 ,Cửa Bắc ,Thành Phố Nam Định,Nam Định,Nam Định
Điện gia dụng Nghiêm Tươi, ,"TT Yên Định ,Yên Định ",Hải Hậu ,Nam Định,Nam Định,Nam Định
Điện máy  Minh Tâm,98,"Hàng Thao ,Trần Hưng Đạo ",Nam Định ,Nam Định,Nam Định,Nam Định
Điện Tử Điện Lạnh Quang Thọ, ,"Yên Cường  ,Ý Yên ",Ý Yên ,Nam Định,Nam Định,Nam Định
Đại Lý Đức Luyện, , ,Liêm Hải ,Trực Ninh,Nam Định,Nam Định
Đại Lý Đức Tại,387,Trần Hưng Đạo ,Trần Hưng Đạo ,Thành Phố Nam Định,Nam Định,Nam Định
Đại Lý Hưng Mai, , ,Hành Thiện ,Xuân Trường,Nam Định,Nam Định
Đại Lý Mai Lương, , ,Thị trấn Yên Định ,Hải Hậu,Nam Định,Nam Định
Đại Lý Ngọc Giang, ,Khu 1 ,Thị trấn Yên Định ,Hải Hậu,Nam Định,Nam Định
Đại Lý Phương Linh,15189,Đặng Việt Châu ,Đặng Việt Châu ,Thành Phố Nam Định,Nam Định,Nam Định
Đại Lý Quang Lanh, , ,Yên Lợi ,Ý Yên,Nam Định,Nam Định
Đại Lý Tâm Thủy,258,Trần Hưng Đạo ,Trần Hưng Đạo ,Thành Phố Nam Định,Nam Định,Nam Định
Đại Lý Thắm Hoan,164,Trường Chinh ,Trường Chinh ,Thành Phố Nam Định,Nam Định,Nam Định
Đại Lý Thắng Hòa,60,Trường Chinh ,Trường Chinh ,Thành Phố Nam Định,Nam Định,Nam Định
Đại Lý Thành Hương, ,Giao Tiến ,Giao Thủy ,Nam Định,Nam Định,Nam Định
Đại Lý Thúy Xiêm, ,57A ,Thị Trấn Lâm ,Ý Yên,Nam Định,Nam Định
Đại Lý Tiên Hoa, ,Km 7 ,Nam Thanh ,Nam Trực,Nam Định,Nam Định
Đại Lý Tưởng Thơm,5B ,Khu 1 ,Thị trấn Ngô Đồng ,Giao Thủy,Nam Định,Nam Định
Đại Lý Yến Hoa,104,Trần Hưng Đạo ,Trần Hưng Đạo ,Thành Phố Nam Định,Nam Định,Nam Định
Đại Lý Bắc Huệ,51,Đường Nguyễn Huệ  ,Phường Nam Bình ,Thành Phố Ninh Bình,Ninh Bình,Ninh Bình
Công ty TNHH SX & TM Quạt Điện Việt Nam,Đường 10  ,"Bắc Sơn, Bích Đào ",Ninh Bình ,Ninh Bình,Ninh Bình,Ninh Bình
CTy TNHH 1 thành viên Kình Huyền,20,"Phố 12 ,Vân Giang ",Ninh Bình ,Ninh Bình,Ninh Bình,Ninh Bình
Điện máy  Cao Nhàn,51,"Vân Giang ,Vân Giang ",Ninh Bình ,Ninh Bình,Ninh Bình,Ninh Bình
Điện máy  Đức Việt, ,"TT Yên Ninh ,Yên Ninh ",Yên Khánh ,Ninh Bình,Ninh Bình,Ninh Bình
Điện Máy Hậu Nga,1055,"Trần Hưng Đạo ,Vân Giang ",Ninh Bình ,Ninh Bình,Ninh Bình,Ninh Bình
Đại Lý Đức Việt, ,Cầu Khang Thượng ,Thị Trấn Yên Ninh ,Huyện Yên Khánh,Ninh Bình,Ninh Bình
Đại Lý Dũng Hương,Số 2  ,Phố Hưng Thịnh  ,Phường Bích Đào ,Thành Phố Ninh Bình,Ninh Bình,Ninh Bình
Đại Lý Dũng Lan,Số 963  ,Đường Trần Hưng Đạo  ,Phường Vân Giang ,Thành Phố Ninh Bình,Ninh Bình,Ninh Bình
Đại Lý Hà Nga, ,Đường 10 ,TT Yên Ninh ,Huyện Yên Khánh,Ninh Bình,Ninh Bình
Đại Lý Hải Bình, ,Phố Mỹ Lộ ,Thị Trấn Thiên Tôn ,Huyện Hoa Lư,Ninh Bình,Ninh Bình
Đại Lý Hải Chi,11,Đường Trần Phú ,Phường Phúc Thành ,Thành Phố Ninh Bình,Ninh Bình,Ninh Bình
Đại Lý Hoàng Long, ,Đường 10  ,Xã Khánh An ,Huyện Yên Khánh,Ninh Bình,Ninh Bình
Đại Lý Hùng Mai, ,Chợ Ninh Phúc ,Xã Ninh Phúc ,Thành Phố Ninh Bình,Ninh Bình,Ninh Bình
Đại Lý Hùng Thúy, ,Ngã 3 Anh Trỗi  ,Xã Quỳnh Lưu ,Huyện Nho Quan,Ninh Bình,Ninh Bình
Đại Lý Huy Tùng, ,Cầu Lưu Phương ,Xã Lưu Phương ,Huyện Kim Sơn,Ninh Bình,Ninh Bình
Đại Lý Khanh Thiết, ,Cầu Yên - Ninh An  ,Ninh An ,Hoa Lư - Ninh Bình,Ninh Bình,Ninh Bình
Đại Lý Lộc Hà,Số 123  ,Đường Lương Văn Thăng  ,Phường Đông Thành ,Thành Phố Ninh Bình,Ninh Bình,Ninh Bình
Đại Lý Lượng Hương, ,Phố Phong Lạc ,Thị Trấn Nho Quan ,Huyện Nho Quan,Ninh Bình,Ninh Bình
Đại Lý Mạnh Tuấn, ,Đường 10B ,Xã Ân Hòa ,Huyện Kim Sơn,Ninh Bình,Ninh Bình
Đại Lý Nam Hạnh,141,"Phố Đẩu Long,Đường Xuân Thành ",Phường Nam Thành ,Thành Phố Ninh Bình,Ninh Bình,Ninh Bình
Đại Lý Ngọc Mai, ,Phố Nam Dân ,Thị Trấn Phát Diệm ,Huyện Kim Sơn,Ninh Bình,Ninh Bình
Đại Lý Ngọc Nghĩa,Số 201  ,Đường Nguyễn Công Trứ  ,Phường Thanh Bình ,Thành Phố Ninh Bình,Ninh Bình,Ninh Bình
Đại Lý Nguyệt Châm,235,Đường Lương Văn Thăng  ,Phường Đông Thành ,Thành Phố Ninh Bình,Ninh Bình,Ninh Bình
Đại Lý Quang Hợp,Số 39 - ,Đường Nguyễn Công Trứ  ,Phường Thanh Bình ,Thành Phố Ninh Bình,Ninh Bình,Ninh Bình
Đại Lý Quang Tươi, ,Chợ Bến  ,Xã Khánh Thượng ,Huyện Yên Mô,Ninh Bình,Ninh Bình
Đại Lý Quyết Thu, ,Đường 10 ,TT Yên Ninh ,Huyện Yên Khánh,Ninh Bình,Ninh Bình
Đại Lý Thế Lực,449,Đường Lê Thái Tổ  ,Phường Nam Thành ,Thành Phố Ninh Bình,Ninh Bình,Ninh Bình
Đại Lý Thúy Đằng,Số 180  ,Phố Phúc Chỉnh  ,Phường Nam Thành ,Thành Phố Ninh Bình,Ninh Bình,Ninh Bình
Đại Lý Thủy Triều,Số 682/2 ,Đường Quang Trung ,Phường Tây Sơn ,Thành Phố Tam Điệp,Ninh Bình,Ninh Bình
Đại Lý Trung Thành, ,Xóm Lạc  ,Xã Yên Thành ,Huyện Yên Mô,Ninh Bình,Ninh Bình
Đại Lý Tươi Xứng, ,Xóm 7  ,Xã Khánh Mậu ,Huyện Yên Khánh,Ninh Bình,Ninh Bình
Đại Lý Uy Duyên, ,"Chợ Lồng,Thôn Nam Thành ",Xã Yên Phong ,Huyện Yên Mô,Ninh Bình,Ninh Bình
Đại Lý Vinh Tuyết,Số 491  ,Đường Trần Hưng Đạo ,Phường Ninh Khánh ,Thành Phố Ninh Bình,Ninh Bình,Ninh Bình
Đại Lý Xuân Trường, ,Phố Mỹ Lộ ,Thị Trấn Thiên Tôn ,Huyện Hoa Lư,Ninh Bình,Ninh Bình
Điện Tử Điện Lạnh Quang Thắng, ,"Quyết Thắng ,Ứng Hòa ",Ứng Hòa ,Sơn La,Sơn La,Sơn La
Đại Lý Lưu Dung,14 -16-18 ,Cách Mạng Tháng 8 ,Chiềng Lề ,Chiềng Lề,Sơn La,Sơn La
Đại Lý Phan Bôn,94G ,"Nguyễn Lương Bằng, Tổ 3 ",Quyết Thắng ,Quyết Thắng,Sơn La,Sơn La
Đại Lý Cam Xâm,96, Nguyễn Chế Nghĩa , Gia Lộc ,Gia Lộc,Hải Dương,Hải Dương
Công ty TNHH TM và Văn Hóa Đỗ Gia,91,"Phạm Ngũ lão  ,Phạm Ngũ Lão ",Hải Dương ,Hải Dương,Hải Dương,Hải Dương
Cty TNHH TM Đỗ Thắng,83,"Phạm Ngũ lão  ,Phạm Ngũ Lão ",Hải Dương ,Hải Dương,Hải Dương,Hải Dương
Điện máy  Minh Tuấn,82,"Nguyễn Trãi  ,Sao Đỏ ",Chí Linh ,Hải Dương,Hải Dương,Hải Dương
Điện máy  Tuyến Huế, ,"TT Thanh Miện ,Thanh miện ",Hải Dương ,Hải Dương,Hải Dương,Hải Dương
Điện máy  Vũ Tuấn, ,"Thôn quyết Thắng ,Kim Anh ",Kim Thành ,Hải Dương,Hải Dương,Hải Dương
Đại Lý Diên Vinh, ,Khuê Liễu ,Tân Hưng , Hải Dương,Hải Dương,Hải Dương
Đại Lý Đức Hùng,72,Đức Minh  ,Thanh Bình , Hải Dương,Hải Dương,Hải Dương
Đại Lý Đức Tám, ,"Phố Phúc Lâm, thị trấn Kinh Môn ", Kinh Môn ,Kinh Môn,Hải Dương,Hải Dương
Đại Lý Hà Thanh,71A ,Thống Nhất ,Trần Phú , Hải Dương,Hải Dương,Hải Dương
Đại Lý Hải Việt,112,Thống Nhất ,Trần Phú , Hải Dương,Hải Dương,Hải Dương
Đại Lý Hoa Hằng,159,Nguyễn Trãi 1 ,Phường Sao Đỏ ,Chí Linh,Hải Dương,Hải Dương
Đại Lý Hoàng Anh,93,Trần Hưng Đạo , Phú Thái ,Kim Thành,Hải Dương,Hải Dương
Đại Lý Hoàng Lan, ,Thị tứ Đồng Gia ,Đồng Gia ,Kim Thành,Hải Dương,Hải Dương
Đại Lý Hởi Phương, ,Đường Tỉnh lộ 183B ,Nam Trung ,Nam Sách,Hải Dương,Hải Dương
Đại Lý Khu Nhung,131,Thanh Niên ,Lê Thanh Nghị ,Hải Dương,Hải Dương,Hải Dương
Đại Lý Lưu Thủy,115,Bạch Đằng ,Trần Phú , Hải Dương,Hải Dương,Hải Dương
Đại Lý Mạnh Dịu, ,Nguyễn Chế Nghĩa , Gia Lộc ,Gia Lộc,Hải Dương,Hải Dương
Đại Lý Nam Huệ,71,Khu 3 Thị trấn Thanh Miện , Thanh Miện ,Thanh Miện,Hải Dương,Hải Dương
Đại Lý Quang Mừng, ,Ngã 4 Trạm bóng ,Quang Minh ,Gia Lộc,Hải Dương,Hải Dương
Đại Lý Quốc Đạt,45,Yết Kiêu ,Hải Tân , Hải Dương,Hải Dương,Hải Dương
Đại Lý Thân Nhẫn, ,Chợ Cổ Dũng ,Cổ Dũng ,Kim Thành,Hải Dương,Hải Dương
Đại Lý Tiến Cường, ,Quốc Lộ 5 , Lai Cách ,Cẩm Giàng,Hải Dương,Hải Dương
Đại Lý Truật Hà, ,Thụy Trà ,Nam Trung ,Nam Sách,Hải Dương,Hải Dương
Đại Lý Trường Lan,314,Điện Biên Phủ ,Bình Hàn ,Hải Dương,Hải Dương,Hải Dương
Đại Lý Tuấn Anh, ,Cầu Ràm ,Tân Hương ,Ninh Giang,Hải Dương,Hải Dương
Đại Lý Tường Hiền,139,Nguyễn Lương Bằng , Thanh Miện ,Thanh Miện,Hải Dương,Hải Dương
Đại Lý Vở Lại, ,Chợ Tiền Trung ,Ái Quốc ,Nam Sách,Hải Dương,Hải Dương
Đại Lý Vượng Giang,31,Thanh Niên ,Trần Hưng Đạo , Hải Dương,Hải Dương,Hải Dương
Đại Lý Xuân Bảy, ,Đường tỉnh lộ 189  ,Hiệp Sơn ,Kinh Môn,Hải Dương,Hải Dương
Đại Lý An Chính,83,"Trần Nguyên Hãn ,Trần Nguyên Hãn ",Lê Chân ,Lê Chân,Hải Phòng,Hải Phòng
Đại Lý An Thái, ,"Trần Nguyên Hãn ,Trần Nguyên Hãn ",Lê Chân ,Lê Chân,Hải Phòng,Hải Phòng
Đại Lý Bích Liên,25,"Hồ Sen ,Dư Hàng Kênh ",Lê Chân ,Lê Chân,Hải Phòng,Hải Phòng
Đại Lý Chị Huyền, ,"An Đồng ,Đồng Thái ",An Dương ,An Dương,Hải Phòng,Hải Phòng
Đại Lý Chí Tài,277,"Lý Thánh Tông ,Ngọc Xuyên ",Đồ Sơn ,Đồ Sơn,Hải Phòng,Hải Phòng
Đại Lý Chí Thanh,1218,"Trần Nhân Tông ,Trần Nhân Tông ",Kiến An ,Kiến An,Hải Phòng,Hải Phòng
Công ty TNHH TM&DV Điện tử Hoàng Gia,11,"Lô 30A Lê Hồng Phong ,Đông Khê ",Ngô Quyền ,Ngô Quyền,Hải Phòng,Hải Phòng
Công Ty TNHH thiết bị điện Phương Giang, ,"Phạm Ngũ Lão ,Phạm Ngũ Lão ",Thuỷ Nguyên ,Thuỷ Nguyên,Hải Phòng,Hải Phòng
Cty CP DV và Công Nghệ Thành Anh,184,"Hà Sen ,TT Cát Bà ",Cát Hải ,Hải Phòng,Hải Phòng,Hải Phòng
Cty CP Vận Tải & Thương Mại CPN VN,Số 7 lô 2A ,"Lê Hồng Phong, Ngô Quyền ",Ngô Quyền ,Hải Phòng,Hải Phòng,Hải Phòng
Cty CPTM & DV Stanec,543,"Đường 5 cũ ,Quán Toan ",Hồng Bàng ,Hồng Bàng,Hải Phòng,Hải Phòng
Đại Lý Cường Thịnh,60,"Đường Máng ,An Đồng ",An Dương ,An Dương,Hải Phòng,Hải Phòng
Đại Lý Đông Nhàn,32,"Khu 1/5 ,TT Vĩnh Bảo ",Vĩnh Bảo ,Vĩnh Bảo,Hải Phòng,Hải Phòng
Đại Lý Đức Long, ,"Phạm Văn Đồng , ",Dương Kinh ,Dương Kinh,Hải Phòng,Hải Phòng
Đại Lý Dũng Thuận,290,"Đà Nẵng ,Hàng Kênh ",Ngô Quyền ,Ngô Quyền,Hải Phòng,Hải Phòng
Đại Lý Giang Duy, ,"Lương Đường ,Hòa Bình ",Thuỷ Nguyên ,Thuỷ Nguyên,Hải Phòng,Hải Phòng
Đại Lý Hải Bưởi, ,"Thôn Hoàng Mai ,Đồng Thái ",An Dương ,An Dương,Hải Phòng,Hải Phòng
Đại Lý Hải Thiềng,655,"Cổng Trắng ,Quán Toan ",Hồng Bàng ,Hồng Bàng,Hải Phòng,Hải Phòng
Đại Lý Hậu Vần, ,"Ngã ba Đa Phúc ,Đa Phúc ",Dương Kinh ,Dương Kinh,Hải Phòng,Hải Phòng
Đại Lý Hoa Lan,72,"Trần Tất Văn ,Ngọc Sơn ",Kiến An ,Kiến An,Hải Phòng,Hải Phòng
Đại Lý Hoàng Hà, ,"Thủy Sơn ,Thủy Sơn ",Thuỷ Nguyên ,Thuỷ Nguyên,Hải Phòng,Hải Phòng
Đại Lý Hoàng Tuấn,129," Lán Bè ,Lam Sơn ",Lê Chân ,Lê Chân,Hải Phòng,Hải Phòng
Đại Lý Hoàng Tuấn, ,"Đinh Ngọ ,Hồng Phong ",An Dương ,An Dương,Hải Phòng,Hải Phòng
Đại Lý Hồng Cúc, ,"Trần Nhân Tông ,Trần Nhân Tông ",Kiến An ,Kiến An,Hải Phòng,Hải Phòng
Đại Lý Hồng Oanh,370,"Văn Cao ,Văn Cao ",Ngô Quyền ,Ngô Quyền,Hải Phòng,Hải Phòng
Đại Lý Hưng Chanh,102,"Phố Mới ,Tân Dương ",Thuỷ Nguyên ,Thuỷ Nguyên,Hải Phòng,Hải Phòng
Đại Lý Huyền Quang,343,"Lê Lợi ,Máy Tơ ",Ngô Quyền ,Ngô Quyền,Hải Phòng,Hải Phòng
Đại Lý Khanh Thủy,169,"Tôn Đức Thắng ,Cầu Đất ",An Dương ,An Dương,Hải Phòng,Hải Phòng
Đại Lý Khánh Thủy,19,"Trần Tất Văn ,Ngọc Sơn ",Kiến An ,Kiến An,Hải Phòng,Hải Phòng
Đại Lý Khởi Nguyên,99,"Thiên Lôi ,Lương Khánh Thiện ",Lê Chân ,Lê Chân,Hải Phòng,Hải Phòng
Đại Lý Lập Thanh,169,"đường 359 ,Tân Dương ",Thuỷ Nguyên ,Thuỷ Nguyên,Hải Phòng,Hải Phòng
Đại Lý Minh Bích, ,"Lâm Động ,Hoa Động ",Thuỷ Nguyên ,Thuỷ Nguyên,Hải Phòng,Hải Phòng
Đại Lý Ngọc Tâm, ,"Chợ Mõ, Kiến Thụy, Hải Phòng ", ,Kiến Thụy,Hải Phòng,Hải Phòng
Đại Lý Phú Cường, ,"Lương Khánh Thiện ,Lương khánh Thiện ",Ngô Quyền ,Ngô Quyền,Hải Phòng,Hải Phòng
Đại Lý Quang Hùng,122,"Tô Hiệu ,Tô Hiệu ",Lê Chân ,Lê Chân,Hải Phòng,Hải Phòng
Đại Lý Quang Minh,152,"Tô Hiệu ,Trần Nguyên Hãn ",Lê Chân ,Lê Chân,Hải Phòng,Hải Phòng
Đại Lý Quý Thảo, ,"Đường Máng nước ,Thủy Đường ",Thuỷ Nguyên ,Thuỷ Nguyên,Hải Phòng,Hải Phòng
Đại Lý Tâm Khắc,898,"Phạm Văn Đồng ,Lương Khánh Thiện ",Dương Kinh ,Dương Kinh,Hải Phòng,Hải Phòng
Đại Lý Thái Bình,12,"Nguyễn Văn Trỗi ,TT An Lão ",An Lão ,An Lão,Hải Phòng,Hải Phòng
Đại Lý Thái Hà, ,"Lương Khánh Thiện ,Lương Khánh Thiện ",Ngô Quyền ,Ngô Quyền,Hải Phòng,Hải Phòng
Đại Lý Thành Đạt,99,"Thiên Lôi ,Nghĩa Xá ",Lê Chân ,Lê Chân,Hải Phòng,Hải Phòng
Đại Lý Thành Lương,21,"Lạch Tray ,Lạch Tray ",Ngô Quyền ,Ngô Quyền,Hải Phòng,Hải Phòng
Đại Lý Thiện Quang,21,"Hồ Sen ,Dư Hàng Kênh ",Lê Chân ,Lê Chân,Hải Phòng,Hải Phòng
Đại Lý Thiết bị An Thái, ,"Thôn Trung Quan ,An Đồng ",An Dương ,An Dương,Hải Phòng,Hải Phòng
Đại Lý Thu Bình,87,"Máy Tơ ,Máy Tơ ",Ngô Quyền ,Ngô Quyền,Hải Phòng,Hải Phòng
Đại Lý Thúy Vinh,316,"Cát Dài ,Cát Dài ",Lê Chân ,Lê Chân,Hải Phòng,Hải Phòng
Đại Lý Tình Mai,381,"Phủ Thượng Đoạn ,Đông Hải 1 ",Hải An ,Hải An,Hải Phòng,Hải Phòng
Đại Lý Toàn Giang, ,"Ngã tư Trịnh Xá ,Thiên Hương ",Thuỷ Nguyên ,Thuỷ Nguyên,Hải Phòng,Hải Phòng
Đại Lý Trà Lành, ,"Thôn 5 ,Thủy Sơn ",Thuỷ Nguyên ,Thuỷ Nguyên,Hải Phòng,Hải Phòng
Đại Lý Trang Anh,71,"Trần Nguyên Hãn ,Trần Nguyên Hãn ",Lê Chân ,Lê Chân,Hải Phòng,Hải Phòng
Đại Lý Trụ Hà, ,"Khu II ,TT Tiên Lãng ",Tiên Lãng ,Tiên Lãng,Hải Phòng,Hải Phòng
Đại Lý Trúc Mai, ,"Thôn Nam Hòa ,An Hưng ",An Dương ,An Dương,Hải Phòng,Hải Phòng
Đại Lý Trung Hiếu,27,"Hồ Sen ,Dư Hàng Kênh ",Lê Chân ,Lê Chân,Hải Phòng,Hải Phòng
Đại Lý Việt Anh,119,"Thôn Cách Thượng ,Nam Sơn ",An Dương ,An Dương,Hải Phòng,Hải Phòng
Đại Lý Việt Hà,298,"Nguyễn Văn Linh ,Kênh Dương ",Lê Chân ,Lê Chân,Hải Phòng,Hải Phòng
Đại Lý Vinh Hiền,7,"Hồ Sen ,Dư Hàng Kênh ",Lê Chân ,Lê Chân,Hải Phòng,Hải Phòng
Đại Lý Xuân Hòa,2,"Hồng Bàng ,Trại Chuối ",Hồng Bàng ,Hồng Bàng,Hải Phòng,Hải Phòng
Đại Lý Yên Liên, ,"Hồ Sen ,Dư Hàng Kênh ",Lê Chân ,Lê Chân,Hải Phòng,Hải Phòng
Điện máy  Hảo Tần, ,"TT Đồng Mỏ ,Chi Lăng ",Lạng Sơn ,Lạng Sơn,Lạng Sơn,Lạng Sơn
Điện máy  Thanh Phương, ,"Tam Thanh ,Vĩnh Trại ",Lạng Sơn ,Lạng Sơn,Lạng Sơn,Lạng Sơn
Điện máy  Thanh Tâm,45,"Phai Vệ ,Vĩnh Trại ",Lạng Sơn ,Lạng Sơn,Lạng Sơn,Lạng Sơn
Đại Lý Đồng Tâm,81,Trần Đăng Ninh ,Tam Thanh ,Lạng Sơn,Lạng Sơn,Lạng Sơn
Đại Lý Hằng Nga,93,Phai Vệ ,Vĩnh Trại ,Lạng Sơn,Lạng Sơn,Lạng Sơn
Đại Lý Hồng Phúc ,101,Trần Đăng Ninh ,Tam Thanh ,Lạng Sơn,Lạng Sơn,Lạng Sơn
Đại Lý Luận Ánh,38,Trần Đại Nghĩa  ,Vĩnh Trại ,Lạng Sơn,Lạng Sơn,Lạng Sơn
Đại Lý Phạm Hoàng,79,Trần Đăng Ninh ,Tam Thanh ,Lạng Sơn,Lạng Sơn,Lạng Sơn
Đại Lý Bách Long,327,Thị Trấn.Trới  ,Hoành Bồ ,Hạ Long,Quảng Ninh,Quảng Ninh
Đại Lý Bảo Huy,124,Giếng Đáy ,Giếng Đáy ,Hạ Long,Quảng Ninh,Quảng Ninh
Đại Lý Bích Nghĩa, ,Hạ Long ,Vân Đồn ,Cẩm Phả,Quảng Ninh,Quảng Ninh
Đại Lý Bích Nhân, ,Đường Sông 3 ,Hồng Hà ,Hạ Long,Quảng Ninh,Quảng Ninh
Đại Lý Bình Quyên, ,Khu 1 ,Hải Hòa ,Móng Cái,Quảng Ninh,Quảng Ninh
Đại Lý Cần Hường, ,Hồng Hà ,Hồng Hà ,Hạ Long,Quảng Ninh,Quảng Ninh
CH TM Tổng Hợp,100,Quang Trung  ,Quang Trung ,Uông Bí,Quảng Ninh,Quảng Ninh
Điện máy  Cảnh Liễu,133,"Phố 1 ,Mạo Khê ",Đông Triều ,Quảng Ninh,Quảng Ninh,Quảng Ninh
Điện máy  Đông Lý, ,"Phố 4 ,Quảng Hà ",Hải Hà ,Quảng Ninh,Quảng Ninh,Quảng Ninh
Điện máy Bài Thơ, ,"Đại Lộ Hòa Bình ,Trần Phú ",Móng Cái ,Quảng Ninh,Quảng Ninh,Quảng Ninh
Điện Máy Hiểu Thời,172,"Quang Trung ,Quang Trung ",Uông Bí ,Quảng Ninh,Quảng Ninh,Quảng Ninh
Điện máy Hoàng Pôn,24,"Vân Đồn ,Trần Phú ",Móng Cái ,Quảng Ninh,Quảng Ninh,Quảng Ninh
Đại Lý Dũng Hồng,456,Cao Thắng ,Cao Thắng ,Hạ Long,Quảng Ninh,Quảng Ninh
Đại Lý Duy Hòa, ,Phương Nam ,Phương Nam ,Uông Bí,Quảng Ninh,Quảng Ninh
Đại Lý Hà Phương,340,Ninh Dương ,Ninh Dương ,Móng Cái,Quảng Ninh,Quảng Ninh
Đại Lý Hân Hoan, ,Hồ Xuân Hương ,Quảng Yên ,Quảng Yên,Quảng Ninh,Quảng Ninh
Đại Lý Hiền Tài,336,Huỳnh Thúc Kháng ,Hồng Hà ,Hạ Long,Quảng Ninh,Quảng Ninh
Đại Lý Hiếu Huyền, ,Thị Trấn Trới ,Hoành Bồ ,Hạ Long,Quảng Ninh,Quảng Ninh
Đại Lý Hoa Quang , ,Cẩm Tây  ,Cẩm Tây ,Cẩm Phả,Quảng Ninh,Quảng Ninh
Đại Lý Hợi Thủy ,36,Vĩnh Thông ,Mạo Khê ,Đông Triều,Quảng Ninh,Quảng Ninh
Đại Lý Hồng Hãnh,5,Cái Dăm  ,Bãi Cháy ,Hạ Long,Quảng Ninh,Quảng Ninh
Đại Lý Hồng Hoài,196,Nguyễn Bình ,Đông Triều ,Đông Triều,Quảng Ninh,Quảng Ninh
Đại Lý Hồng Nam,183,Lý Thường Kiệt ,Cửa Ông ,Cẩm Phả,Quảng Ninh,Quảng Ninh
Đại Lý Hợp Thành,12,Nguyễn Du ,Quang Trung ,Uông Bí,Quảng Ninh,Quảng Ninh
Đại Lý Huân Nam, ,Cẩm Tây ,Cẩm Tây ,Cẩm Phả,Quảng Ninh,Quảng Ninh
Đại Lý Huệ Loan,km11 ,Kim Thành ,Quảng Yên ,Quảng Yên,Quảng Ninh,Quảng Ninh
Đại Lý Huy Phương,288,Quang Trung  ,Quang Trung ,Uông Bí,Quảng Ninh,Quảng Ninh
Đại Lý Khánh Anh, ,Đường Sông 3 ,Hồng Hà ,Hạ Long,Quảng Ninh,Quảng Ninh
Đại Lý Linh Năm, ,Hoàng Hoa Thám ,Mạo Khê ,Đông Triều,Quảng Ninh,Quảng Ninh
Đại Lý Lương Thái,427,Hà Lầm ,Hà Lầm ,Hạ Long,Quảng Ninh,Quảng Ninh
Đại Lý Mản Hằng,155,Minh Khai ,Đầm Hà ,Đầm Hà,Quảng Ninh,Quảng Ninh
Đại Lý Minh Đức,106,Mạo Khê  ,Mạo Khê ,Đông Triều,Quảng Ninh,Quảng Ninh
Đại Lý Minh Mai,58,Thống Nhất  ,Tiên Yên ,Tiên Yên,Quảng Ninh,Quảng Ninh
Đại Lý Nghĩa Nữ,54,Lý Thường Kiệt ,Cửa Ông ,Cẩm Phả,Quảng Ninh,Quảng Ninh
Đại Lý Oanh Tòng,682,Trần Nhân Tông ,Thanh Sơn ,Uông Bí,Quảng Ninh,Quảng Ninh
Đại Lý Phương Mai,152,Nguyễn văn Cừ  ,Hồng Hà ,Hạ Long,Quảng Ninh,Quảng Ninh
Đại Lý Phương Thảo,19,Cao Thắng ,Cao Thắng ,Hạ Long,Quảng Ninh,Quảng Ninh
Đại Lý Soát Nha,589,Đường Hạ Long ,Bãi Cháy ,Hạ Long,Quảng Ninh,Quảng Ninh
Đại Lý Tân Trinh,6,Trần Quốc Toản ,Quảng Yên ,Quảng Yên,Quảng Ninh,Quảng Ninh
Đại Lý Thạch Vân,209,Trần Nhân Tông ,Yên Thanh ,Uông Bí,Quảng Ninh,Quảng Ninh
Đại Lý Thái Nhung,193,Hoàng Hoa Thám ,Mạo Khê ,Đông Triều,Quảng Ninh,Quảng Ninh
Đại Lý Thắng Nguyệt,28,Thống Nhất  ,Tiên Yên ,Tiên Yên,Quảng Ninh,Quảng Ninh
Đại Lý Thành Đồng, ,Mạo Khê ,Mạo Khê ,Đông Triều,Quảng Ninh,Quảng Ninh
Đại Lý Thanh Oai,265,Lê Thanh Nghị ,Cẩm Trung ,Cẩm Phả,Quảng Ninh,Quảng Ninh
Đại Lý Thiên Ngọc, ,Cao Xanh ,Cao Xanh ,Hạ Long,Quảng Ninh,Quảng Ninh
Đại Lý Thiệp Huấn,482,Trần Nhân Tông ,Thanh Sơn ,Uông Bí,Quảng Ninh,Quảng Ninh
Đại Lý Thúy Hùng,763,Trần Phú  ,Cẩm Thủy ,Cẩm Phả,Quảng Ninh,Quảng Ninh
Đại Lý Tiến Huệ,20,Trần Quốc Toản ,Quảng Yên ,Quảng Yên,Quảng Ninh,Quảng Ninh
Đại Lý Trung Ngà,21,Thống Nhất ,Tiên Yên ,Tiên Yên,Quảng Ninh,Quảng Ninh
Đại Lý Trung Thanh, ,Nam Tân ,Nam Khê ,Uông Bí,Quảng Ninh,Quảng Ninh
Đại Lý Trường Phát,392,Trần Nhân Tông ,Thanh Sơn ,Uông Bí,Quảng Ninh,Quảng Ninh
Đại Lý Tuấn Anh,99,Cao Xanh ,Cao Xanh ,Hạ Long,Quảng Ninh,Quảng Ninh
Đại Lý Tuấn Hạnh,916,Sơn Trạch ,Cẩm Thịnh ,Cẩm Phả,Quảng Ninh,Quảng Ninh
Đại Lý Tuyến Lan,65,Trần Phú ,Trần Phú ,Móng Cái,Quảng Ninh,Quảng Ninh
Đại Lý Tuynh Anh, ,Đàm Thủy ,Đông Triều ,Đông Triều,Quảng Ninh,Quảng Ninh
Đại Lý Vũ Khang,500,Nguyễn văn Cừ  ,Hồng Hải ,Hạ Long,Quảng Ninh,Quảng Ninh
Đại Lý Ánh Chinh,243,Minh Khai ,Bồ Xuyên ,Thái Bình,Thái Bình,Thái Bình
Đại Lý Anh Hải, , ,Thanh Nê ,Kiến Xương,Thái Bình,Thái Bình
Đại Lý Anh Khiết, , ,An Khê ,Quỳnh Phụ,Thái Bình,Thái Bình
Đại Lý Anh Sỹ,272,Bùi Sỹ Liên ,Tiền Phong ,Thái Bình,Thái Bình,Thái Bình
Điện máy  Minh Ngân, ,"TT Đông Hưng ,Đông Hưng ",Thái Bình ,Thái Bình,Thái Bình,Thái Bình
Điện máy Hằng Thu,82,"Minh Khai ,Lý Bôn ",Thái Bình ,Thái Bình,Thái Bình,Thái Bình
Đại Lý Hải Hường,23,Trần Thái Tông ,Bồ Xuyên ,Thái Bình,Thái Bình,Thái Bình
Đại Lý Hải Thắm, , ,An Ninh ,Quỳnh Phụ,Thái Bình,Thái Bình
Đại Lý Hằng luân,9,Trần Thái Tông ,Bồ Xuyên ,Thái Bình,Thái Bình,Thái Bình
Đại Lý Hiện Toan, , ,Hợp Tiến ,Đông Hưng,Thái Bình,Thái Bình
Đại Lý Hiếu Vin, , ,Thụy Quỳnh ,Thái Thụy,Thái Bình,Thái Bình
Đại Lý Hoa Kiêm, ,Phạm Đôn Lễ ,Tiền Phong ,Thái Bình,Thái Bình,Thái Bình
Đại Lý Hoa Miền , , ,Đông Hưng ,Đông Hưng,Thái Bình,Thái Bình
Đại Lý Hồng An, , ,Hưng Hà ,Hưng Hà,Thái Bình,Thái Bình
Đại Lý Hồng lợi, , ,Diêm Điền ,Thái Thụy,Thái Bình,Thái Bình
Đại Lý Loan Trường,208,Trần Thái Tông ,Bồ Xuyên ,Thái Bình,Thái Bình,Thái Bình
Đại Lý Minh Tiến,16,Đỗ Lý Khiêm ,Bồ Xuyên ,Thái Bình,Thái Bình,Thái Bình
Đại Lý Nga Sáu,332,Lý Bôn ,Tiền Phong ,Thái Bình,Thái Bình,Thái Bình
Đại Lý Phúc Tiền, , ,Thái Xuyên ,Thái Thụy,Thái Bình,Thái Bình
Đại Lý Quang Đức,170L ,Lê Quý Đôn ,Bồ Xuyên ,Thái Bình,Thái Bình,Thái Bình
Đại Lý Quang Thịnh, , ,Vũ Lạc ,Kiến Xương,Thái Bình,Thái Bình
Đại Lý Quang Thụ, , ,Thanh Nê ,Kiến Xương,Thái Bình,Thái Bình
Đại Lý Tài Vui, , ,An Ninh ,Tiền Hải,Thái Bình,Thái Bình
Đại Lý Thanh Hải, , ,Vũ Chính ,Thái Bình,Thái Bình,Thái Bình
Đại Lý Thành Nam, , ,TT Quỳnh Côi ,Quỳnh Phụ,Thái Bình,Thái Bình
Đại Lý Thảo Minh,32,Trần Thái Tông ,Bồ Xuyên ,Thái Bình,Thái Bình,Thái Bình
Đại Lý Thúy Mùi,220,Trần Thái Tông ,Bồ Xuyên ,Thái Bình,Thái Bình,Thái Bình
Đại Lý Tiến Thuý , , ,Quỳnh Côi ,Quỳnh Phụ,Thái Bình,Thái Bình
Đại Lý Trần Thái, , ,Bình Nguyên ,Kiến Xương,Thái Bình,Thái Bình
Đại Lý Trường Tộ , , ,An Đồng ,Quỳnh Phụ,Thái Bình,Thái Bình
Đại Lý Tuấn Chung, , ,Thụy Xuân ,Thái Thụy,Thái Bình,Thái Bình
Đại Lý Ty Mận, , ,Tân Hòa ,Vũ Thư,Thái Bình,Thái Bình
Đại Lý Uy Anh, , ,Thuỵ Hưng ,Thái Thụy,Thái Bình,Thái Bình
Đại Lý Việt Cường, , ,Hưng Hà ,Hưng Hà,Thái Bình,Thái Bình
Đại Lý Vinh Thảo,136F ,Trần Thái Tông ,Bồ Xuyên ,Thái Bình,Thái Bình,Thái Bình
Điện máy Tuấn Thủy,65,"Tổ 17 ,Sông Hiến ",Cao Bằng ,Cao Bằng,Cao Bằng,Cao Bằng
Đại Lý Tích Bắc,153," Kim Đồng - TP Cao Bằng ,Hợp Giang ",Cao Bằng ,Cao Bằng,Cao Bằng,Cao Bằng
Đại Lý Tuyến Long, ,"Ngã tư cầu mới ,Hợp Xuân ",Cao Bằng ,Cao Bằng,Cao Bằng,Cao Bằng
Điện máy  Bảo Hưng,110,"Minh Khai ,Minh Khai ",Hà Giang ,Hà Giang,Hà Giang,Hà Giang
Điện máy  Hồng Hà,185,"Nguyễn Thái Học ,Minh Khai ",Hà Giang ,Hà Giang,Hà Giang,Hà Giang
Đại Lý Anh Tiến, ,"Nhà máy Z153 ,Đông Anh                                           ",Đông Anh ,Hà Nội - Đông Anh,Hà Nội - Đông Anh,Hà Nội - Đông Anh
Đại Lý Bình Diệp,100,"Cao Lỗ , Uy Nỗ                                             ",Đông Anh ,Hà Nội - Đông Anh,Hà Nội - Đông Anh,Hà Nội - Đông Anh
Đại Lý Đạm Hoàn,1,"Tổ 33 ,TT Đông Anh ",Đông Anh ,Hà Nội - Đông Anh,Hà Nội - Đông Anh,Hà Nội - Đông Anh
Đại Lý Dũng Hải,37,"Thôn hà lỗ ,Liên hà ",Đông Anh ,Hà Nội - Đông Anh,Hà Nội - Đông Anh,Hà Nội - Đông Anh
Đại Lý Dũng Tuyên, ," Du Nội ,Mai Lâm ",Đông Anh ,Hà Nội - Đông Anh,Hà Nội - Đông Anh,Hà Nội - Đông Anh
Đại Lý Hạnh Dũng,103,"Đường Cao Lỗ ,Uy Nỗ                  ",Đông Anh ,Hà Nội - Đông Anh,Hà Nội - Đông Anh,Hà Nội - Đông Anh
Đại Lý Huế Tạo,2,"Trung tâm thương mại Đông Anh  ,Đông Anh                                           ",Đông Anh ,Hà Nội - Đông Anh,Hà Nội - Đông Anh,Hà Nội - Đông Anh
Đại Lý Kháng Duyển,25,"Cầu Lớn  ,Nam Hồng  ",Đông Anh ,Hà Nội - Đông Anh,Hà Nội - Đông Anh,Hà Nội - Đông Anh
Đại Lý Lưu Hằng,84,"Ga Đông Anh ,Uy Nỗ                  ",Đông Anh ,Hà Nội - Đông Anh,Hà Nội - Đông Anh,Hà Nội - Đông Anh
Đại Lý Nghĩa Hương, ," Cầu Thăng Long  ,Hải Bối ",Đông Anh ,Hà Nội - Đông Anh,Hà Nội - Đông Anh,Hà Nội - Đông Anh
Đại Lý Phú Thành, ,"Chợ Tó  , Uy nỗ  ",Đông Anh ,Hà Nội - Đông Anh,Hà Nội - Đông Anh,Hà Nội - Đông Anh
Đại Lý Phương Chình, ," Thôn Tằng Lữ ,Kim Chung ",Đông Anh ,Hà Nội - Đông Anh,Hà Nội - Đông Anh,Hà Nội - Đông Anh
Đại Lý Sinh Huế, ,"Kim nỗ ,Đông Anh ",Đông Anh ,Hà Nội - Đông Anh,Hà Nội - Đông Anh,Hà Nội - Đông Anh
Đại Lý Thắm Hiền,12," Tổ 32 ,Nguyên Khê ",Đông Anh ,Hà Nội - Đông Anh,Hà Nội - Đông Anh,Hà Nội - Đông Anh
Đại Lý Trung Hiếu, ,"Đông Hội ,Đông Hội ",Đông Anh ,Hà Nội - Đông Anh,Hà Nội - Đông Anh,Hà Nội - Đông Anh
Đại Lý Tuấn Nhàn,12," Trung tâm thương mại Đông Anh  ,Đông Anh                                           ",Đông Anh ,Hà Nội - Đông Anh,Hà Nội - Đông Anh,Hà Nội - Đông Anh
Đại Lý Ánh Bình, , Túc duyên  , ,Thái Nguyên,Thái Nguyên,Thái Nguyên
Đại Lý Bình Hạt,54," tiểu khu 6 TT Ba Hàng  ,TT Ba Hàng ",Phổ Yên ,Thái Nguyên,Thái Nguyên,Thái Nguyên
Đại Lý Bình Minh, ,610 Cách Mạng Tháng8 , ,Thái Nguyên,Thái Nguyên,Thái Nguyên
Đại Lý Cam Thủy, ,"Tổ 17 ,Hương Sơn ",Thái Nguyên ,Thái Nguyên,Thái Nguyên,Thái Nguyên
Đại Lý Cần Hường, ,"300, Đường Bắc Kan ", ,Thái Nguyên,Thái Nguyên,Thái Nguyên
Đại Lý Chấn Mai, ,"192, Cách Mạng Tháng Tám ", ,Thái Nguyên,Thái Nguyên,Thái Nguyên
Đại Lý Chiến Hải, ,"Tk1,ba Hàng ", ,Thái Nguyên,Thái Nguyên,Thái Nguyên
Đại Lý Chiến Hương, ,"13, Lương Ngọc Quyến ", ,Thái Nguyên,Thái Nguyên,Thái Nguyên
Đại Lý Chiến Nga, ,"70/10, Dương Tự Minh ", ,Thái Nguyên,Thái Nguyên,Thái Nguyên
Đại Lý Chiến Nhung, ,382 Cách Mạng Tháng 8 , ,Thái Nguyên,Thái Nguyên,Thái Nguyên
Đại Lý Chung Thư,246,"Minh Cầu ,Phan Đình Phùng ",Thái Nguyên ,Thái Nguyên,Thái Nguyên,Thái Nguyên
Đại Lý Cúc Phương, , , ,Thái Nguyên,Thái Nguyên,Thái Nguyên
Đại Lý Cường Dung, ,cổ lũng Phú lương , ,Thái Nguyên,Thái Nguyên,Thái Nguyên
Đại Lý Cường Minh,155,"Hoàng Văn Thụ ,Hoàng Văn Thụ ",Thái Nguyên ,Thái Nguyên,Thái Nguyên,Thái Nguyên
Đại Lý Cường Thành, ,Phan đình phùng - tp thái nguyên , ,Thái Nguyên,Thái Nguyên,Thái Nguyên
Đại Lý Đăng trung, ,349 hoàng văn thụ tp thái nguyên , ,Thái Nguyên,Thái Nguyên,Thái Nguyên
Đại Lý Dậu Hạ, ,đại từ , ,Thái Nguyên,Thái Nguyên,Thái Nguyên
Điện máy  Viết Cường,304,Đường CMT8  ,Thái Nguyên ,Thái Nguyên,Thái Nguyên,Thái Nguyên
Điện máy Lâm Thảo, ,"Bắc kạn ,Hoàng Văn thụ ",Thái Nguyên ,Thái Nguyên,Thái Nguyên,Thái Nguyên
Đại Lý Đức Anh, ,Thinh đán Thái Nguyên , ,Thái Nguyên,Thái Nguyên,Thái Nguyên
Đại Lý Dung Ích,296,"tổ 11 phường Tân Lập , ",Thái Nguyên ,Thái Nguyên,Thái Nguyên,Thái Nguyên
Đại Lý Dương Thuận, ,"24, Đỗ Cận ", ,Thái Nguyên,Thái Nguyên,Thái Nguyên
Đại Lý Duy Vinh, ,"463, Quang Trung ", ,Thái Nguyên,Thái Nguyên,Thái Nguyên
Đại Lý Gia Hưng, ,Phan đình phùng - tp thái nguyên , ,Thái Nguyên,Thái Nguyên,Thái Nguyên
Đại Lý Gia Nguyên, ,45 Cách Mạng Tháng 8 , ,Thái Nguyên,Thái Nguyên,Thái Nguyên
Đại Lý Giang Lan, ,Phúc xuân , ,Thái Nguyên,Thái Nguyên,Thái Nguyên
Đại Lý Hà Mai, ,cổ lũng Phú lương , ,Thái Nguyên,Thái Nguyên,Thái Nguyên
Đại Lý Hải Đào , ,Phổ yên , ,Thái Nguyên,Thái Nguyên,Thái Nguyên
Đại Lý Hải Minh , ,Ngã ba bờ đậu - phú Lương , ,Thái Nguyên,Thái Nguyên,Thái Nguyên
Đại Lý Hăng Đăng Việt, ,Tp Thái Nguyên , ,Thái Nguyên,Thái Nguyên,Thái Nguyên
Đại Lý Hạnh Đào, ,"Tổ 9 ,TT Chùa Hang ",Đồng Hỷ ,Thái Nguyên,Thái Nguyên,Thái Nguyên
Đại Lý Hạnh hồi, , 209 - quang trung  , ,Thái Nguyên,Thái Nguyên,Thái Nguyên
Đại Lý Hanh Thái, ,"62, Phan Đình Phùng ", ,Thái Nguyên,Thái Nguyên,Thái Nguyên
Đại Lý Hào Tuyết, ,Phúc xuân , ,Thái Nguyên,Thái Nguyên,Thái Nguyên
Đại Lý Hòa Liễu, ,"Khu 3, Trần Hưng Đạo ", ,Thái Nguyên,Thái Nguyên,Thái Nguyên
Đại Lý Hoài Bích, ,DĐồng Hỷ , ,Thái Nguyên,Thái Nguyên,Thái Nguyên
Đại Lý Hồng Cẩm 1, ,"36, Lương Sơn ", ,Thái Nguyên,Thái Nguyên,Thái Nguyên
Đại Lý Hồng Hiệp, ,248 hoàng văn thu , ,Thái Nguyên,Thái Nguyên,Thái Nguyên
Đại Lý Hùng Anh, ,"151, Hoàng Văn Thụ ", ,Thái Nguyên,Thái Nguyên,Thái Nguyên
Đại Lý Hùng Linh, ,171/1 cmt8 - tp Thái Nguyên , ,Thái Nguyên,Thái Nguyên,Thái Nguyên
Đại Lý Hùng Linh, ,171/1 Cách Mạng Tháng 8 , ,Thái Nguyên,Thái Nguyên,Thái Nguyên
Đại Lý Hưng Mai, ,Phan đình phùng - tp thái nguyên , ,Thái Nguyên,Thái Nguyên,Thái Nguyên
Đại Lý Hùng Nhàn, ,252 Cách Mạng Tháng Tám , ,Thái Nguyên,Thái Nguyên,Thái Nguyên
Đại Lý Hưởng Thuỷ, ,"84, Đường 30/4 ", ,Thái Nguyên,Thái Nguyên,Thái Nguyên
Đại Lý Huyền Chiến, ,"56, Cách Mạng Tháng 10 ", ,Thái Nguyên,Thái Nguyên,Thái Nguyên
Đại Lý Huyền Toan, ,đôồng hỷ - tp thái nguyên , ,Thái Nguyên,Thái Nguyên,Thái Nguyên
Đại Lý Kiều Anh,109,"Hoàng Văn Thụ ,Hoàng Văn Thụ ",Thái Nguyên ,Thái Nguyên,Thái Nguyên,Thái Nguyên
Đại Lý Lan Anh, ,Tổ 19 Quang Trung , ,Thái Nguyên,Thái Nguyên,Thái Nguyên
Đại Lý Lan Anh, , Tổ 19 - quang trung - Thịnh đán  , ,Thái Nguyên,Thái Nguyên,Thái Nguyên
Đại Lý Lan Lịch, ,Gang Thép , ,Thái Nguyên,Thái Nguyên,Thái Nguyên
Đại Lý Lan Lịch, ," 77, Lương Sơn ", ,Thái Nguyên,Thái Nguyên,Thái Nguyên
Đại Lý Lãnh Thảo, ,"66, Phúc Xuân ", ,Thái Nguyên,Thái Nguyên,Thái Nguyên
Đại Lý Linh Vy,860,"Dương Tự Minh ,Quang Vinh  ",Thái Nguyên ,Thái Nguyên,Thái Nguyên,Thái Nguyên
Đại Lý Loan Hà, ,Đồng Hỷ  , ,Thái Nguyên,Thái Nguyên,Thái Nguyên
Đại Lý Long Tám, ,chùa hang đồng Hỷ - tn , ,Thái Nguyên,Thái Nguyên,Thái Nguyên
Đại Lý Luân Hoà, ,"Khu 3, Cách Mạng Tháng Mười ", ,Thái Nguyên,Thái Nguyên,Thái Nguyên
Đại Lý Mạnh Hưng, ,"14, Quang Trung ", ,Thái Nguyên,Thái Nguyên,Thái Nguyên
Đại Lý Minh Hương, ,quang trung tp thái nguyên , ,Thái Nguyên,Thái Nguyên,Thái Nguyên
Đại Lý Nam Hòa, ,Bắc sơn Thái nguyên - Tp thái Nguyên , ,Thái Nguyên,Thái Nguyên,Thái Nguyên
Đại Lý Nam Phong, ,Nam Tiến , ,Thái Nguyên,Thái Nguyên,Thái Nguyên
Đại Lý Nga San,392,"Tiểu khu 4  ,TT Ba Hàng ",Phổ Yên ,Thái Nguyên,Thái Nguyên,Thái Nguyên
Đại Lý Nguyệt Cao, ,Tổ 7 Quán Triều , ,Thái Nguyên,Thái Nguyên,Thái Nguyên
Đại Lý Nhung Tuấn, ,"Khu 1, Quốc Lộ 3 ", ,Thái Nguyên,Thái Nguyên,Thái Nguyên
Đại Lý Phú Dũng, ,"77, Hoàng Văn Thụ ", ,Thái Nguyên,Thái Nguyên,Thái Nguyên
Đại Lý Phúc Phượng, ,Đôồng thái - đồng hỷ , ,Thái Nguyên,Thái Nguyên,Thái Nguyên
Đại Lý Phương Hiếu, ,Phố Chợ 2 , ,Thái Nguyên,Thái Nguyên,Thái Nguyên
Đại Lý Phương Thảo, ,km8 Sơn cẩm - Phú Lương , ,Thái Nguyên,Thái Nguyên,Thái Nguyên
Đại Lý PhươngThảo, ,"Khu 7, Quốc Lộ 3 phú lương ", ,Thái Nguyên,Thái Nguyên,Thái Nguyên
Đại Lý Quân Vạn, ,"74, Phan Đình Phùng ", ,Thái Nguyên,Thái Nguyên,Thái Nguyên
Đại Lý Quyết Liên, ,"26, Lương Sơn ", ,Thái Nguyên,Thái Nguyên,Thái Nguyên
Đại Lý Quyết Liên, ," 26, Lương Sơn ", ,Thái Nguyên,Thái Nguyên,Thái Nguyên
Đại Lý Sáu Thu, ,264 Hoàng Văn Thụ , ,Thái Nguyên,Thái Nguyên,Thái Nguyên
Đại Lý Sơn Tình, ,"Khu 3, Quốc Lộ 3 ", ,Thái Nguyên,Thái Nguyên,Thái Nguyên
Đại Lý Tại Na, ," Tiểu Khu 1, Mai Hắc Đế ", ,Thái Nguyên,Thái Nguyên,Thái Nguyên
Đại Lý Tân Tuấn, ,Thịnh Đán Tp Thái Nguyên , ,Thái Nguyên,Thái Nguyên,Thái Nguyên
Đại Lý Thái Liên , ,Tp Thái NGuyên , ,Thái Nguyên,Thái Nguyên,Thái Nguyên
Đại Lý Thái Sơn, ," 26, Lương Ngọc Quyến ", ,Thái Nguyên,Thái Nguyên,Thái Nguyên
Đại Lý Thái Vân, ,Gang Thép , ,Thái Nguyên,Thái Nguyên,Thái Nguyên
Đại Lý Thái Vân, ,luu nhân chú - gang thep , ,Thái Nguyên,Thái Nguyên,Thái Nguyên
Đại Lý Thân Phong, ,"191, Hoàng Văn Thụ ", ,Thái Nguyên,Thái Nguyên,Thái Nguyên
Đại Lý Thắng Lan, ,"Trung Thành ,Trung Thành ",Phổ Yên ,Thái Nguyên,Thái Nguyên,Thái Nguyên
Đại Lý Thắng Yến, ,"Khu 2, Quốc Lộ 3 ", ,Thái Nguyên,Thái Nguyên,Thái Nguyên
Đại Lý Thanh Lịch, ,623 Cách Mạng Tháng 8 , ,Thái Nguyên,Thái Nguyên,Thái Nguyên
Đại Lý Thanh Lịch, , 623 gia sàng  , ,Thái Nguyên,Thái Nguyên,Thái Nguyên
Đại Lý Thành Tình,63,"tổ 11 phường Trưng Vương ,Trưng Vương ",Thái Nguyên ,Thái Nguyên,Thái Nguyên,Thái Nguyên
Đại Lý Thành Toàn, ,Phú Lương , ,Thái Nguyên,Thái Nguyên,Thái Nguyên
Đại Lý Thế Phong, ,"233, Quang Trung ", ,Thái Nguyên,Thái Nguyên,Thái Nguyên
Đại Lý Thế Phương, ,Đại từ  , ,Thái Nguyên,Thái Nguyên,Thái Nguyên
Đại Lý Thế Vân, ,TT chùa hang - Đồng Hỷ , ,Thái Nguyên,Thái Nguyên,Thái Nguyên
Đại Lý Thi Lam, ,"Kỳ phú ,Kỳ Phú ",Đại Từ ,Thái Nguyên,Thái Nguyên,Thái Nguyên
Đại Lý Thinh Liên, ,cổ lũng Phú lương , ,Thái Nguyên,Thái Nguyên,Thái Nguyên
Đại Lý Thịnh Vân, ,"125, Hoàng Văn Thụ ", ,Thái Nguyên,Thái Nguyên,Thái Nguyên
Đại Lý Tính Liên, ,"143, Quang Trung ", ,Thái Nguyên,Thái Nguyên,Thái Nguyên
Đại Lý Trọng Hạnh, , ĐƯờng Bac kan , ,Thái Nguyên,Thái Nguyên,Thái Nguyên
Đại Lý Trung  Kiên, ,cây xanh quyết thắng , ,Thái Nguyên,Thái Nguyên,Thái Nguyên
Đại Lý Tuấn Dung, ,Phú Lương , ,Thái Nguyên,Thái Nguyên,Thái Nguyên
Đại Lý Tuyên Hà, ,248 Dương Tự Minh , ,Thái Nguyên,Thái Nguyên,Thái Nguyên
Đại Lý Tuyết Nhung, ,Cầu Xanh , ,Thái Nguyên,Thái Nguyên,Thái Nguyên
Đại Lý Việt Ly ,142,"Tổ 5 ,Đồng Quang ",Thái Nguyên ,Thái Nguyên,Thái Nguyên,Thái Nguyên
Đại Lý Xô Hạnh, ,Gang thép , ,Thái Nguyên,Thái Nguyên,Thái Nguyên
Đại Lý Xuân Thắng, ,"229, Đường Quang Trung ", ,Thái Nguyên,Thái Nguyên,Thái Nguyên
Đại Lý An Thái,106, Đinh Công Tráng ,Phường Ba Đình ,Thành Phố Thanh Hóa,Thanh Hóa,Thanh Hóa
Đại Lý Anh Hưng, , ,Thị Trấn Lưu Vệ ,Quảng Xương,Thanh Hóa,Thanh Hóa
Đại Lý Anh Phát, ,Xóm 5 ,Xã Hoằng Khê ,Hoằng Hóa,Thanh Hóa,Thanh Hóa
Đại Lý Anh Sơn,53,Thành Khang 1 ,Phường Tào Xuyên ,Thành Phố Thanh Hóa,Thanh Hóa,Thanh Hóa
Đại Lý Anh Thủy, ,Thôn Đình Bảng ,Xã Hoằng Lộc ,Huyện Hoằng Hóa,Thanh Hóa,Thanh Hóa
Đại Lý Bắc Phượng , , ,Thị Trấn Chuối ,Nông Cống,Thanh Hóa,Thanh Hóa
Đại Lý Bảy Việt, ,Thôn Đình Cường ,Phường Quảng tâm ,Thành Phố Thanh Hóa,Thanh Hóa,Thanh Hóa
Đại Lý Biên Hoà, , ,Xã Thiệu Hợp ,Thiệu Hóa,Thanh Hóa,Thanh Hóa
Đại Lý Biện Phương, , ,Vĩnh Long ,Vĩnh Lộc,Thanh Hóa,Thanh Hóa
Đại Lý Bình Thắm,90,đường 1a ,Phường Tào Xuyên ,Thành Phố Thanh Hóa,Thanh Hóa,Thanh Hóa
Đại Lý Bình Toàn, ,Phố 1  ,Thị Trấn Thống Nhất ,Huyện Yên Định,Thanh Hóa,Thanh Hóa
Đại Lý Châu Nguyệt, ,Phố 1  ,Thị Trấn Lang Chánh ,Huyện Lang Chánh,Thanh Hóa,Thanh Hóa
Đại Lý Chiến Thu, , ,Đường 13 ,Nga Sơn,Thanh Hóa,Thanh Hóa
Đại Lý Chính Ân, ,Thôn Nghĩa Dũng ,Xã Cẩm Phong ,Huyện Cẩm Thủy,Thanh Hóa,Thanh Hóa
Đại Lý Chính Thu, ,23 Tổ 8 ,Thị Trấn Cẩm Thủy ,Huyện Cẩm Thủy,Thanh Hóa,Thanh Hóa
Đại Lý Chung Hường,222,Nguyễn Huệ  ,Phường Ngọc Trạo ,Thị Xã Bỉm Sơn,Thanh Hóa,Thanh Hóa
Đại Lý Chương Việt,66,Tô Vĩnh Diện ,Thị Trấn Triệu Sơn ,Huyện Triệu Sơn,Thanh Hóa,Thanh Hóa
Đại Lý Chuyên Hà, , ,Quán Dốc ,Hậu Lộc,Thanh Hóa,Thanh Hóa
Công ty SVT, , ,Nam Giang ,Thọ Xuân,Thanh Hóa,Thanh Hóa
Công ty trách nhiệm hữu hạn sản xuất và thương mại Đông Á, ,"Phú Thọ 3 ,Phú Sơn ",Thanh Hóa ,Thanh Hóa,Thanh Hóa,Thanh Hóa
Đại Lý Cúc Quốc, ,Phố 1  ,Xã Quang Trung ,Huyện Ngọc Lặc,Thanh Hóa,Thanh Hóa
Đại Lý Cương Thư, , ,Thị Trấn Chuối ,Nông Cống,Thanh Hóa,Thanh Hóa
Đại Lý Cường Yến,412,Lê lai ,Phường Đông Sơn ,Thành Phố Thanh Hóa,Thanh Hóa,Thanh Hóa
Đại Lý Đại Hảo, , ,Thọ Xương ,Thọ Xuân,Thanh Hóa,Thanh Hóa
Đại Lý Dân Cử, ,"Xóm 9,Chợ Cồn Cao ",Xã Hoa Lộc ,Huyện Hậu Lộc,Thanh Hóa,Thanh Hóa
Đại Lý Dị Hương,94,Nguyễn Du ,Phường Điện Biên ,Thành Phố Thanh Hóa,Thanh Hóa,Thanh Hóa
Điện máy  Anh Thế,15,"Trung Sơn ,Bút Sơn ",Hoằng Hóa ,Thanh Hóa,Thanh Hóa,Thanh Hóa
Điện máy  Dũng Hiền,107,"Cao Thắng ,Lam Sơn ",Thanh Hóa ,Thanh Hóa,Thanh Hóa,Thanh Hóa
Điện máy  Hải Phương, ,"Thôn Thị Tứ ,xã xuân lực, Triệu sơn ",Thiệu Hóa ,Thanh Hóa,Thanh Hóa,Thanh Hóa
Điện máy  Sơn Nga,89,"Nguyễn Trãi ,Nguyễn Trãi ",Thanh Hóa ,Thanh Hóa,Thanh Hóa,Thanh Hóa
Điện máy  Toàn Thắng 2, ,"KCN Tây Bắc Ga ,Đông Thọ ",Thanh Hóa ,Thanh Hóa,Thanh Hóa,Thanh Hóa
Điện Máy Chương Hằng, ,"TK7 ,VạnHà ",Thiệu Hóa ,Thanh Hóa,Thanh Hóa,Thanh Hóa
Điện máy Cường Biên, ," ,Xã Nga Liên ",Nga Sơn ,Thanh Hóa,Thanh Hóa,Thanh Hóa
Điện Máy Hải Dung,99,"Nguyễn Trãi ,Ba Đình ",Thanh Hóa ,Thanh Hóa,Thanh Hóa,Thanh Hóa
Đại Lý Đoàn Sáu, , ,Thị Trấn Còng ,Tĩnh Gia,Thanh Hóa,Thanh Hóa
Đại Lý Đoàn Thoa, ,Phố 3 ,Thị Trấn Ngọc Lặc ,Huyện Ngọc Lặc,Thanh Hóa,Thanh Hóa
Đại Lý Đức Dũng,478,Bà Triệu ,Phường Đông Thọ ,Thành Phố Thanh Hóa,Thanh Hóa,Thanh Hóa
Đại Lý Dũng huyên, , ,Thị Trấn Chuối ,Nông Cống,Thanh Hóa,Thanh Hóa
Đại Lý Dung Sáng, , ,Xã Vĩnh Minh  ,Vĩnh Lộc,Thanh Hóa,Thanh Hóa
Đại Lý Dũng Yến, , ,Yên Phú ,Yên Định,Thanh Hóa,Thanh Hóa
Đại Lý Giai Nguyệt,44, Đinh Công Tráng ,Phường Ba Đình ,Thành Phố Thanh Hóa,Thanh Hóa,Thanh Hóa
Đại Lý Giang Sơn, , ,Nam Giang ,Thọ Xuân,Thanh Hóa,Thanh Hóa
Đại Lý Giang Thanh, , ,Nam Giang ,Thọ Xuân,Thanh Hóa,Thanh Hóa
Đại Lý Hà Liên, , ,Xã Hoằng Đồng ,Hoằng Hóa,Thanh Hóa,Thanh Hóa
Đại Lý Hà Long, , ,Thị Trấn Quán Lào ,Yên Định,Thanh Hóa,Thanh Hóa
Đại Lý Hải Thanh, ,Phố Cát ,Thành Vân ,Thạch Thành,Thanh Hóa,Thanh Hóa
Đại Lý Hạnh Phương,190,Nguyễn Trãi ,Phường Ba Đình ,Thành Phố Thanh Hóa,Thanh Hóa,Thanh Hóa
Đại Lý Hào Hà, ,Thôn Thanh Giang ,Xã Thạch Bình ,Huyện Thạch Thành,Thanh Hóa,Thanh Hóa
Đại Lý Hậu Dụng, ,Xóm 6 ,Xã Nga Nhân ,Nga Sơn,Thanh Hóa,Thanh Hóa
Đại Lý Hiền Thanh,590,Bà Triệu ,Phường Trường Thi ,Thành Phố Thanh Hóa,Thanh Hóa,Thanh Hóa
Đại Lý Hòa Hằng,484,Bà Triệu ,Phường Trường Thi ,Thành Phố Thanh Hóa,Thanh Hóa,Thanh Hóa
Đại Lý Hoa Long, , ,Thị Trấn Lưu Vệ ,Quảng Xương,Thanh Hóa,Thanh Hóa
Đại Lý Hoàng Tiến, , ,Thị Trấn Chuối ,Nông Cống,Thanh Hóa,Thanh Hóa
Đại Lý Hợi Hồng, , ,Cầu Báo Văn ,Nga Sơn,Thanh Hóa,Thanh Hóa
Đại Lý Hồng Lý, , ,Xã Đông Khê ,Đông Sơn,Thanh Hóa,Thanh Hóa
Đại Lý Hợp Đáng, , ,Xã Điền Lư ,Bá Thước,Thanh Hóa,Thanh Hóa
Đại Lý Hợp Tuyết, ,Phố Kiểu  ,Xã Yên Trường ,Huyện Yên Định,Thanh Hóa,Thanh Hóa
Đại Lý Huệ Chiến, ,Đại Lộ lê Lợi ,Phường Đông Hương ,Thành Phố Thanh Hóa,Thanh Hóa,Thanh Hóa
Đại Lý Hùng Minh, ,Thôn Thọ Lộc ,Xã Đồng Lợi ,Huyện Triệu Sơn,Thanh Hóa,Thanh Hóa
Đại Lý Hùng Phụng, ,Khu 2  ,Thị Trấn Lam Sơn ,Huyện Thọ Xuân,Thanh Hóa,Thanh Hóa
Đại Lý Hùng Quyết, , ,Đội 7 -Hoằng Lương ,Hoằng Hóa,Thanh Hóa,Thanh Hóa
Đại Lý Hùng Yến,32, Đinh Công Tráng ,Phường Ba Đình ,Thành Phố Thanh Hóa,Thanh Hóa,Thanh Hóa
Đại Lý Hương Thịnh, ,Khu 1  ,Thị Trấn Kim Tân ,Huyện Thạch Thành,Thanh Hóa,Thanh Hóa
Đại Lý Dụng Hoa, , ,Nga Tân ,Nga Sơn,Thanh Hóa,Thanh Hóa
Đại Lý Huy Hoàng, ,Phố Môi ,Phường Quảng tâm ,Thành Phố Thanh Hóa,Thanh Hóa,Thanh Hóa
Đại Lý Huy Hỷ , ,Lê Lợi ,Phường Trường Sơn ,Thành Phố Sầm Sơn,Thanh Hóa,Thanh Hóa
Đại Lý Khoa An,Lô 897  ,MB 530 ,Phường Đông Vệ ,Thành Phố Thanh Hóa,Thanh Hóa,Thanh Hóa
Đại Lý Kiên Lệ, , ,Thọ Lập ,Thọ Xuân,Thanh Hóa,Thanh Hóa
Đại Lý Kính Anh,133,Khu 1  ,Thị Trấn Vĩnh Lộc ,Huyện Vĩnh Lộc,Thanh Hóa,Thanh Hóa
Đại Lý Lai Lân, , ,Xã Nga Thạch ,Nga Sơn,Thanh Hóa,Thanh Hóa
Đại Lý Lâm Dũng,604,Bà Triệu ,Phường Đông Thọ ,Thành Phố Thanh Hóa,Thanh Hóa,Thanh Hóa
Đại Lý Lâm Nguyệt,43,Lê Lợi ,Thị Trấn Thường Xuân ,Huyện Thường Xuân,Thanh Hóa,Thanh Hóa
Đại Lý Liên Hảo,502,Bà Triệu ,Phường Đông Thọ ,Thành Phố Thanh Hóa,Thanh Hóa,Thanh Hóa
Đại Lý Liên Minh, ,Trần Phú ,Phường Ba Đình ,Thành Phố Thanh Hóa,Thanh Hóa,Thanh Hóa
Đại Lý Linh Ngà, ,Xóm 10 ,Xã Nga Trung ,Nga Sơn,Thanh Hóa,Thanh Hóa
Đại Lý Loan Ngọc,393,Trần Phú ,Phường Lam Sơn ,Thị Xã Bỉm Sơn,Thanh Hóa,Thanh Hóa
Đại Lý Loan Thường, ,Phố Điền Lư ,Xã Điền Lư ,Huyện Bá Thước,Thanh Hóa,Thanh Hóa
Đại Lý Lộc Linh, , ,TX.Bỉm Sơn ,Bỉm Sơn,Thanh Hóa,Thanh Hóa
Đại Lý Lộc Nga, ,Quang Trung ,Phường Đông Vệ ,Thành Phố Thanh Hóa,Thanh Hóa,Thanh Hóa
Đại Lý Long Tám, , ,Phường An Hoạch ,Thành Phố Thanh Hóa,Thanh Hóa,Thanh Hóa
Đại Lý Luận Sâm, ,Quốc Lộ 1A ,Xã Hoằng Quỳ ,Hoằng Hóa,Thanh Hóa,Thanh Hóa
Đại Lý Lương Thuỷ,122,Nguyễn Trãi ,Phường Ba Đình ,Thành Phố Thanh Hóa,Thanh Hóa,Thanh Hóa
Đại Lý Lý Toàn, , , ,Thường Xuân,Thanh Hóa,Thanh Hóa
Đại Lý Minh Bổng, ,Thôn Cống Trúc ,Xã Quảng Ninh ,Quảng Xương,Thanh Hóa,Thanh Hóa
Đại Lý Minh Hiền, , ,Thị Trấn Còng ,Tĩnh Gia,Thanh Hóa,Thanh Hóa
Đại Lý Minh Liễu,450,Khu Phố 3 ,Thị Trấn Bến Sung ,Huyện Như Thanh,Thanh Hóa,Thanh Hóa
Đại Lý Minh Quân, , ,Xã Hoằng Giang ,Hoằng Hóa,Thanh Hóa,Thanh Hóa
Đại Lý Nam Phát, ,Phố 3  ,Thị Trấn Ngọc Lặc ,Huyện Ngọc Lặc,Thanh Hóa,Thanh Hóa
Đại Lý Nghĩa Ngà,40, Đinh Công Tráng ,Phường Ba Đình ,Thành Phố Thanh Hóa,Thanh Hóa,Thanh Hóa
Đại Lý Ngọc Châu,26,Cao Sơn ,Phường An Hoạch ,Thành Phố Thanh Hóa,Thanh Hóa,Thanh Hóa
Đại Lý Ngọc Thìn,192,Phố Môi ,Phường Quảng tâm ,Thành Phố Thanh Hóa,Thanh Hóa,Thanh Hóa
Đại Lý Ngọc Thọ, , , ,Thường Xuân,Thanh Hóa,Thanh Hóa
Đại Lý Nhật Linh,22,Tiểu Khu Hưng Long ,Thị Trấn Nga Sơn ,Huyện Nga Sơn,Thanh Hóa,Thanh Hóa
Đại Lý Nhung Thu, , ,Thị Trấn Lưu Vệ ,Quảng Xương,Thanh Hóa,Thanh Hóa
Đại Lý Ninh Xuân,81,Lê Lợi ,Phường Trường Sơn ,Thành Phố Sầm Sơn,Thanh Hóa,Thanh Hóa
Đại Lý Phong Hương, , ,Thị Trấn Bến Sung ,Huyện Như Thanh,Thanh Hóa,Thanh Hóa
Đại Lý Phú Bảy, , ,Thọ Hải ,Thọ Xuân,Thanh Hóa,Thanh Hóa
Đại Lý Phương Anh, ,Quốc lộ 1A khu KT Nghi Sơn , ,Nghi Sơn,Thanh Hóa,Thanh Hóa
Đại Lý Phương Phượng, ,Thôn 8  ,Xã Xuân Trường ,Huyện Thọ Xuân,Thanh Hóa,Thanh Hóa
Đại Lý Quang Nguyên, , ,Cầu Báo Văn ,Nga Sơn,Thanh Hóa,Thanh Hóa
Đại Lý Quế Hằng,125,Tiểu Khu 4 ,Thị Trấn Vạn Hà ,Huyện Thiệu Hóa,Thanh Hóa,Thanh Hóa
Đại Lý Quyết Lan, , ,Thị Trấn Còng ,Tĩnh Gia,Thanh Hóa,Thanh Hóa
Đại Lý Sáu Nguyện, , ,Thị Trấn Bến Sung ,Huyện Như Thanh,Thanh Hóa,Thanh Hóa
Đại Lý Sĩ Thắm, , ,Thị Trấn Bút Sơn ,Hoằng Hóa,Thanh Hóa,Thanh Hóa
Đại Lý Sơn Dung,58, Đinh Công Tráng ,Phường Ba Đình ,Thành Phố Thanh Hóa,Thanh Hóa,Thanh Hóa
Đại Lý Sơn Hợi, , ,Thị Trấn Giắt ,Huyện Triệu Sơn,Thanh Hóa,Thanh Hóa
Đại Lý Sơn Nga,98,Nguyễn Trãi ,Phường Ba Đình ,Thành Phố Thanh Hóa,Thanh Hóa,Thanh Hóa
Đại Lý Sơn Sâm, ,Thôn 9 ,Xã Hoằng Châu ,Hoằng Hóa,Thanh Hóa,Thanh Hóa
Đại Lý Sơn Vinh, ,Thôn Phúc Tiên ,Xã Hoằng Quỳ ,Huyện Hoằng Hóa,Thanh Hóa,Thanh Hóa
Đại Lý Sử Hiền, ,Xóm 5 ,Xã Nga Hưng ,Huyện Nga Sơn,Thanh Hóa,Thanh Hóa
Đại Lý Tâm Sen ,42,Phố Tân Sơn ,Thị Trấn Bút Sơn ,Huyện Hoằng Hóa,Thanh Hóa,Thanh Hóa
Đại Lý Tấn Hoa,739,Bà Triệu ,Phường Trường Thi ,Thành Phố Thanh Hóa,Thanh Hóa,Thanh Hóa
Đại Lý Tân Thanh, ,Thôn Thanh Cao ,Xã Triệu Dương ,Tĩnh Gia,Thanh Hóa,Thanh Hóa
Đại Lý Thái Dương, ,Nghĩa Sơn  ,Phường Tào Xuyên ,Thành Phố Thanh Hóa,Thanh Hóa,Thanh Hóa
Đại Lý Thái Hùng,530,Lê lai ,Phường Quảng Hưng ,Thành Phố Thanh Hóa,Thanh Hóa,Thanh Hóa
Đại Lý Thái Yến, , Đinh Công Tráng ,Phường Ba Đình ,Thành Phố Thanh Hóa,Thanh Hóa,Thanh Hóa
Đại Lý Thắng Phúc, , ,Thị trấn Rừng Thông ,Đông Sơn,Thanh Hóa,Thanh Hóa
Đại Lý Thanh Đắc,514,Bà Triệu ,Phường Đông Thọ ,Thành Phố Thanh Hóa,Thanh Hóa,Thanh Hóa
Đại Lý Thành Lan,572,Quang Trung ,Phường Đông Vệ ,Thành Phố Thanh Hóa,Thanh Hóa,Thanh Hóa
Đại Lý Thành Liên,237,Nguyễn Trãi ,Phường Tân Sơn ,Thành Phố Thanh Hóa,Thanh Hóa,Thanh Hóa
Đại Lý Thanh Phượng,217,Trường Thi ,Phường Trường Thi ,Thành Phố Thanh Hóa,Thanh Hóa,Thanh Hóa
Đại Lý Thảo Nhị, ,Thôn Thạc Quả 2 ,Xã Yên Trường ,Huyện Yên Định,Thanh Hóa,Thanh Hóa
Đại Lý Thêm Toan, , ,Thị Trấn Vạn Hà ,Thiệu Hóa,Thanh Hóa,Thanh Hóa
Đại Lý Thiên Phú,127,Lê Vãn ,Phường Lam Sơn ,Thành Phố Thanh Hóa,Thanh Hóa,Thanh Hóa
Đại Lý Thuận Thủy,66, Đinh Công Tráng ,Phường Ba Đình ,Thành Phố Thanh Hóa,Thanh Hóa,Thanh Hóa
Đại Lý Thuật Thương, , ,Thị Trấn Vạn Hà ,Thiệu Hóa,Thanh Hóa,Thanh Hóa
Đại Lý Thức Hảo, , ,Yên Thái ,Yên Định,Thanh Hóa,Thanh Hóa
Đại Lý Thương Hiền, , ,Xã Đông Thanh ,Đông Sơn,Thanh Hóa,Thanh Hóa
Đại Lý Thường Quế, ,Khu 6 ,Thị Trấn Lam Sơn ,Huyện Thọ Xuân,Thanh Hóa,Thanh Hóa
Đại Lý Thuỷ Hà, , , ,Thường Xuân,Thanh Hóa,Thanh Hóa
Đại Lý Thủy Hòa, ,Tiểu khu 3 ,Thị Trấn Hà Trung ,Huyện Hà Trung,Thanh Hóa,Thanh Hóa
Đại Lý Thủy Hoàn,85,Trường Thi ,Phường Trường Thi ,Thành Phố Thanh Hóa,Thanh Hóa,Thanh Hóa
Đại Lý Thuỷ Khanh, , ,Thôn 8 - Thành Lộc ,Hậu Lộc,Thanh Hóa,Thanh Hóa
Đại Lý Thuỷ Sinh, , ,Xã Hà Châu ,Hà Trung,Thanh Hóa,Thanh Hóa
Đại Lý Tiến Hiền, ,Thôn Trinh Nga ,Xã Hoằng Trinh ,Huyện Hoằng Hóa,Thanh Hóa,Thanh Hóa
Đại Lý Tiến Minh,108,Nghĩa Sơn  ,Phường Tào Xuyên ,Thành Phố Thanh Hóa,Thanh Hóa,Thanh Hóa
Đại Lý Tiến Tâm,614,Tiểu Khu Nam Giang ,Thị Trấn Chuối ,Nông Cống,Thanh Hóa,Thanh Hóa
Đại Lý Tiến Xuân, ,Ngã Tư Chợ Lãi ,Xã Lộc Sơn ,Hậu Lộc,Thanh Hóa,Thanh Hóa
Đại Lý Toản Lan,230,Trường Thi ,Phường Trường Thi ,Thành Phố Thanh Hóa,Thanh Hóa,Thanh Hóa
Đại Lý Toàn Tâm, , ,Khe Hạ ,Thường Xuân,Thanh Hóa,Thanh Hóa
Đại Lý Triệu Nụ, ,Bà Triệu ,Phường Đông Thọ ,Thành Phố Thanh Hóa,Thanh Hóa,Thanh Hóa
Đại Lý Trọng Huê, , ,Xuân Thiên ,Thọ Xuân,Thanh Hóa,Thanh Hóa
Đại Lý Trung Kiên, , ,TX.Bỉm Sơn ,Bỉm Sơn,Thanh Hóa,Thanh Hóa
Đại Lý Trung Thuỷ, , ,Nga Mỹ ,Nga Sơn,Thanh Hóa,Thanh Hóa
Đại Lý Trường Giang, ,Khu 1  ,Thị Trấn Lam Sơn ,Huyện Thọ Xuân,Thanh Hóa,Thanh Hóa
Đại Lý Trường Ngọc, , ,Đông Vinh ,Thành Phố Thanh Hóa,Thanh Hóa,Thanh Hóa
Đại Lý Tú Hải,177,Quang Trung ,Phường Đông Vệ ,Thành Phố Thanh Hóa,Thanh Hóa,Thanh Hóa
Đại Lý Tuấn Ảnh, , ,Ngã Tư Hoa Lộc ,Hậu Lộc,Thanh Hóa,Thanh Hóa
Đại Lý Tuấn Chỉ,132,Nguyễn Huệ ,Phường Ngọc Trạo ,Thị Xã Bỉm Sơn,Thanh Hóa,Thanh Hóa
Đại Lý Tuân Chinh, , ,TX.Bỉm Sơn ,Bỉm Sơn,Thanh Hóa,Thanh Hóa
Đại Lý Tuấn Dũng,195,Bạch Đằng ,Phường Bạch Đằng ,Thành Phố Thanh Hóa,Thanh Hóa,Thanh Hóa
Đại Lý Tuấn Hiền,377,Đình Hương ,Phường Đông Cương ,Thành Phố Thanh Hóa,Thanh Hóa,Thanh Hóa
Đại Lý Tuấn Lựu, ,Xóm 6 ,Xã Nga Yên ,Huyện Nga Sơn,Thanh Hóa,Thanh Hóa
Đại Lý Tuấn Tình, ,Phố Sim ,Xã Hợp Thành ,Huyện Triệu Sơn,Thanh Hóa,Thanh Hóa
Đại Lý Tuấn Vũ, , ,Xã Quảng Thành ,Thành Phố Thanh Hóa,Thanh Hóa,Thanh Hóa
Đại Lý Tươi Thà,504,Lê lai ,Phường Quảng Hưng ,Thành Phố Thanh Hóa,Thanh Hóa,Thanh Hóa
Đại Lý Tuyền Hường , ,Thôn Lương Quán ,Xã Hoằng Lương ,Huyện Hoằng Hóa,Thanh Hóa,Thanh Hóa
Đại Lý Tuyền Oanh,72, Đinh Công Tráng ,Phường Ba Đình ,Thành Phố Thanh Hóa,Thanh Hóa,Thanh Hóa
Đại Lý Tuyên Phương,26,Tiểu Khu 6 ,Thị Trấn Vạn Hà ,Huyện Thiệu Hóa,Thanh Hóa,Thanh Hóa
Đại Lý Ước Tâm, ,Lê lai ,Phường Đông Sơn ,Thành Phố Thanh Hóa,Thanh Hóa,Thanh Hóa
Đại Lý Vân Hằng,68, Đinh Công Tráng ,Phường Ba Đình ,Thành Phố Thanh Hóa,Thanh Hóa,Thanh Hóa
Đại Lý Vân Sơn, , ,Thị Trấn Lưu Vệ ,Quảng Xương,Thanh Hóa,Thanh Hóa
Đại Lý Việt Hảo,Lô 54 ,Quang Trung ,Phường Đông Hương ,Thành Phố Thanh Hóa,Thanh Hóa,Thanh Hóa
Đại Lý Việt Tám,626,Quang Trung ,Phường Đông Vệ ,Thành Phố Thanh Hóa,Thanh Hóa,Thanh Hóa
Đại Lý Việt Thắng, ,Khu 4 ,Thị Trấn Quán Lào ,Huyện Yên Định,Thanh Hóa,Thanh Hóa
Đại Lý Vinh Toan, ,Khu 9 ,Thị Trấn Thọ Xuân ,Huyện Thọ Xuân,Thanh Hóa,Thanh Hóa
Đại Lý Vũ Hoàng, ,Khu 3  ,Thị Trấn Hậu Lộc ,Huyện Hậu Lộc,Thanh Hóa,Thanh Hóa
Đại Lý Xuân Sơn, ,Thôn Dương Huệ ,Xã Cẩm Phong ,Huyện Cẩm Thủy,Thanh Hóa,Thanh Hóa
Đại Lý Yến Tiến,34, Đinh Công Tráng ,Phường Ba Đình ,Thành Phố Thanh Hóa,Thanh Hóa,Thanh Hóa
Đại Lý Hưng Bích, ,QL 1A ,TT Nghèn ,"Can Lộc, Hà Tĩnh",Hà Tĩnh,Hà Tĩnh
Đại Lý Tứ Lan, ,Đường 1  ,Diễn Ký ,Diễn Châu-NA,Nghệ An,Nghệ An
Đại Lý Hiền Hòa, ,155- Lê Lợi ,Lê Lợi ,Vinh,Nghệ An,Nghệ An
Đại Lý Lam yến,312,Phong Đình Cảng  ,Trường Thi ,Vinh,Nghệ An,Nghệ An
Đại Lý Hồng Lam, , , ,TP Hà Tĩnh,Hà Tĩnh,Hà Tĩnh
Đại Lý Xuân Chất, ,Khối 1 ,TT Đô lương ,Đô Lương-NA,Nghệ An,Nghệ An
Đại Lý Thuận Nghiêm, ,Đường 538- Cầu Bùng , ,Diễn Châu-NA,Nghệ An,Nghệ An
Đại Lý Thanh Vĩnh, , ,TT Can Lộc ,Can Lộc,Hà Tĩnh,Hà Tĩnh
Điện máy Trung Hoan, ,"Khu đô thị vườn xanh ,Đô Lương ",Đô Lương ,Nghệ An,Nghệ An,Nghệ An
Đại Lý Việt Thắng, ,Km3 - Đ Lê viết Thuật ,Hưng Phúc ,Vinh,Nghệ An,Nghệ An
Điện máy  Hoàng Thế, ,"Quang Trung ,Thạch Trung ",Hà Tĩnh ,Hà Tĩnh,Hà Tĩnh,Hà Tĩnh
Đại Lý Lan Hiền, ,116 - Trường Chinh ,Lê Lợi ,Vinh,Nghệ An,Nghệ An
Đại Lý Cường Hoan, ,K3 ,TT Diễn Châu ,Diễn Châu-NA,Nghệ An,Nghệ An
Điện máy  Hoàng Tùng,449,"Trần Phú ,Thạch Trung ",Hà Tĩnh ,Hà Tĩnh,Hà Tĩnh,Hà Tĩnh
Đại Lý Thắng Hà, ,Khối 01  ,Nghi Tân ,Nghi Lộc,Nghệ An,Nghệ An
Đại Lý Phú Cường, ,118- Nguyễn Phong Sắc ,Hưng Dũng ,Vinh,Nghệ An,Nghệ An
Đại Lý Minh Hòa, , ,Thị Xã Hồng Lĩnh ,Hà Tĩnh,Hà Tĩnh,Hà Tĩnh
Đại Lý Lý Tâm, ,Chợ Mõ ,Hậu Thành ,Yên Thành-NA,Nghệ An,Nghệ An
Đại Lý Khánh Hợp,71,Nguyễn Du ,Bến Thủy ,Vinh,Nghệ An,Nghệ An
Đại Lý Quang Huyền, ,Khối 2 ,TT Cầu Giát ,Quỳnh Lưu-NA,Nghệ An,Nghệ An
Đại Lý Hoàng Anh, ,Khối 7 , ,Thị trấn Đô Lương,Nghệ An,Nghệ An
Đại Lý Vinh Hòa, , ,TT Đô Lương ,Đô Lương-NA,Nghệ An,Nghệ An
Đại Lý Tâm Quán, ,Khối 2 ,TT Cầu Giát ,Quỳnh Lưu-NA,Nghệ An,Nghệ An
Đại Lý Dũng toàn, ,16 - Phan Đình Phùng ,Cửa Nam ,Vinh,Nghệ An,Nghệ An
Đại Lý Phương Luân, ,127-Nguyễn Văn Cừ ,Hưng Bình ,Vinh,Nghệ An,Nghệ An
Đại Lý Sơn Hương,16C ,Quang Trung  ,Quang Trung ,Vinh,Nghệ An,Nghệ An
Đại Lý Nghệ Vân, ,Khối 2 , ,Thị trấn Cầu Giát,Nghệ An,Nghệ An
Đại Lý Thành Đạt, ,Phan Bội Châu ,Lê Lợi ,Vinh,Nghệ An,Nghệ An
Đại Lý Hòa Thành,108,Phan Đình Phùng ,Cửa Nam ,Vinh,Nghệ An,Nghệ An
Đại Lý Lan Hương,K6 , ,Diễn Châu ,Diễn Châu-NA,Nghệ An,Nghệ An
Đại Lý Xuân Sen, ,Xóm 14 , ,Diễn Châu-NA,Nghệ An,Nghệ An
Đại Lý Nhân Hồng , ,Khoa Đà 01 ,Hưng Tây ,Vinh,Nghệ An,Nghệ An
Điện máy Hương Giang,41,"Trần Phú ,Lê Mao ",Vinh ,Nghệ An,Nghệ An,Nghệ An
Đại Lý Minh Chung, , , ,Hoàng Mai,Nghệ An,Nghệ An
Đại Lý Phú Quý, ,Phan Đình Phùng ,Cửa Nam ,Vinh,Nghệ An,Nghệ An
Đại Lý Nga Đông, ,Phạm Nguyễn Du , ,Vinh,Nghệ An,Nghệ An
Đại Lý Thế Châu, ,Xóm Ngọc Tân ,Diễn Ngọc ,Diễn Châu-NA,Nghệ An,Nghệ An
Đại Lý Thanh Cúc,12,Tecco Quang Trung ,Quang Trung ,Vinh,Nghệ An,Nghệ An
Đại Lý Quế Hà,188,Phan Đình Phùng ,Cửa nam ,Vinh,Nghệ An,Nghệ An
Đại Lý Chung Thắng,86,Nguyễn Phong Sắc ,Hưng Dũng ,Vinh,Nghệ An,Nghệ An
Đại Lý Nguyên Sang, ,Km3 - Đ Lê viết Thuật ,Hưng Phúc ,Vinh,Nghệ An,Nghệ An
Đại Lý Nhật hà , ,79 -Trần Hưng Đạo ,Đội Cung ,Vinh,Nghệ An,Nghệ An
Đại Lý Hoa Tài,125,Trần Phú ,Trần Phú ,TP Hà Tĩnh,Hà Tĩnh,Hà Tĩnh
Đại Lý Sơn Hà, ,Đường Trần Phú , ,TP Hà Tĩnh,Hà Tĩnh,Hà Tĩnh
Đại Lý Hà giang, ,Hưng Tân , ,Hưng Nguyên,Nghệ An,Nghệ An
Đại Lý Hải Hằng,15,Lê Lợi ,Lê Lợi ,Vinh,Nghệ An,Nghệ An
Đại Lý Trường An, ,146 - Nguyễn Sỹ Sách ,Hưng Bình ,Vinh,Nghệ An,Nghệ An
Đại Lý Liên Học,62,Phan Đình Phùng ,Cửa Nam ,Vinh,Nghệ An,Nghệ An
Đại Lý Minh Tĩnh,3,Nguyễn phong Sắc  ,Hưng Dũng ,Vinh,Nghệ An,Nghệ An
Đại Lý Tuyết Việt,227,Lê Duẩn ,Trung Đô ,Vinh,Nghệ An,Nghệ An
Đại Lý Hà Hùng, ,Phạm Nguyễn Du ,Bến Thủy ,Vinh,Nghệ An,Nghệ An
Đại Lý Sotina, ,Phong Đình Cảng , ,Vinh,Nghệ An,Nghệ An
Điện máy Cường Lan,15,"Quang Trung ,Quang Trung ",Vinh ,Nghệ An,Nghệ An,Nghệ An
Đại Lý Lục Hoa, ,Phong Đình Cảng , ,Vinh,Nghệ An,Nghệ An
Đại Lý Tâm Sách, ,cầu Dùng ,TT Thanh Chương ,Thanh Chương,Nghệ An,Nghệ An
Đại Lý Dũng Chung,131,Nguyễn Trãi ,Quán Bàu ,Vinh,Nghệ An,Nghệ An
Đại Lý Nhân Yến, , Nguyễn Trãi ,Quán Bàu ,Vinh,Nghệ An,Nghệ An
Đại Lý Trúc Quang,212,Phan Chu Trinh ,Quang trung ,Vinh,Nghệ An,Nghệ An
Đại Lý Lợi Thìn,135,Phan Đình Phùng  ,Cửa Nam ,Vinh,Nghệ An,Nghệ An
Đại Lý Trung Mai , ,Xuân Giang , ,Nghi Xuân,Hà tĩnh,Hà tĩnh
Đại Lý Sửu Dũng, ,Hưng Tân , ,Hưng Nguyên,Nghệ An,Nghệ An
Đại Lý Sơn Chuyên,4,phạm hồng thái ,Cửa Nam ,Vinh,Nghệ An,Nghệ An
Đại Lý CK- palaza,số 3A ,số 3A Nguyễn Trãi ,Quang Trung ,Vinh,Nghệ An,Nghệ An
Đại Lý Minh chiến, ,Khối 01  ,Nghi Tân ,Nghi Lộc,Nghệ An,Nghệ An
Đại Lý Tuấn Khoa, ,Nguyễn Trãi ,Quán Bàu ,Vinh,Nghệ An,Nghệ An
Đại Lý Tuấn Hùng, ,Nguyễn Trường Tộ ,Đông Vĩnh ,Vinh,Nghệ An,Nghệ An
Đại Lý Hà Khôi,8,Lê Nin ,Hưng Lộc ,Vinh,Nghệ An,Nghệ An
Đại Lý Nam Na,215,hà huy tập ,Hà huy tập ,Vinh,Nghệ An,Nghệ An
Đại Lý Tâm Trường Thịnh, , ,Hưng Chính ,Vinh,Nghệ An,Nghệ An
Đại Lý Hoa Dương, ,160 Phan Đình Phùng ,Cửa Nam ,Vinh,Nghệ An,Nghệ An
Đại Lý Ngọc Văn,42,Phan Đình Phùng ,Cửa Nam ,Vinh,Nghệ An,Nghệ An
Điện Máy Dũng Lan,40,"Nguyễn Cảnh Chân ,Quang Trung ",Thanh Hóa ,Nghệ An,Nghệ An,Nghệ An
Đại Lý Hiển Nhung, ,Khối 3 ,TT Quán Hành ,Vinh,Nghệ An,Nghệ An
Đại Lý Duy Khang,185,Nguyễn Trãi ,Quán Bàu ,Vinh,Nghệ An,Nghệ An
Đại Lý Lực Nhân,171,Nguyễn Trãi ,Hà huy tập ,Vinh,Nghệ An,Nghệ An
Đại Lý Thăng Hiền,32,Lê Nin ,Hưng Dũng ,Vinh,Nghệ An,Nghệ An
Đại Lý Thu Hiếu, , ,Cửa Nam ,Vinh,Nghệ An,Nghệ An
Đại Lý Dũng Soa, ,94 - Đ Phan Đình Phùng ,Cửa Nam ,Vinh,Nghệ An,Nghệ An
Đại Lý Thạch Giang, ,Đ Phan Đình Phùng ,Cửa Nam ,Vinh,Nghệ An,Nghệ An
Đại Lý Điện Diện, , ,Quỳnh Hậu ,Quỳnh Lưu,Nghệ An,Nghệ An
Đại Lý Phương Quyên, ,Quốc lộ 1A ,Diễn Thành ,Diễn Thành,Nghệ An,Nghệ An
Đại Lý Hòa Hợi,122,Phan Đình Phùng ,Cửa Nam ,Vinh,Nghệ An,Nghệ An
Đại Lý Thành Sâm, ,Khối nam Diễn Hồng , ,Diễn Châu-NA,Nghệ An,Nghệ An
Đại Lý Hoàn Anh,8,Lê Nin ,Hưng Lộc ,Vinh,Nghệ An,Nghệ An
Đại Lý Tân Thái, ,Xóm 7 ,TT Hưng Nguyên ,Hưng Nguyên,Nghệ An,Nghệ An
Đại Lý Anh Thắng, , , ,TT Đô Lương,Nghệ An,Nghệ An
Đại Lý Trung Hà, ,Đường 1 ,Diễn Thinh ,Diễn Châu-NA,Nghệ An,Nghệ An
Đại Lý Thơm Lanh, ,Ngã ba Diễn Châu ,QL1A ,Thị trấn Diễn Châu,Nghệ An,Nghệ An
Đại Lý Nguyệt Nhân, ,Khối 2 , ,Thị trấn Cầu Giát,Nghệ An,Nghệ An
Đại Lý Thu Hải, ,133 - Nguyễn Trãi ,Quán Bàu ,Vinh,Nghệ An,Nghệ An
Đại Lý Danh Trâm, , Lê Nin ,Hà Huy Tập ,Vinh,Nghệ An,Nghệ An
Đại Lý Long Thắng, ,02 - Lý Thường Kiệt ,Lê Lợi ,Vinh,Nghệ An,Nghệ An
Đại Lý Khánh Dương, ,Xóm 14  ,Nghi Phong ,Vinh,Nghệ An,Nghệ An
Đại Lý Trà Giang,68,Trần phú ,Vinh Tân ,Vinh,Nghệ An,Nghệ An
Đại Lý Hoàng Hương,181,Phan Đình Phùng ,Cửa Nam ,Vinh,Nghệ An,Nghệ An
Đại Lý Dương Phương, ,Xóm 8 ,Diễn Thành ,Diễn Châu-NA,Nghệ An,Nghệ An
Đại Lý Tâm Hảo, , , ,Đức Thọ,Hà Tĩnh,Hà Tĩnh
Đại Lý Thanh Hạnh, ,TT Thạch Hà ,TT Cày ,Thạch Hà,Hà Tĩnh,Hà Tĩnh
Đại Lý Nam Duyên, ,Ngã 3 Lạc thiện , ,Đức Thọ,Hà Tĩnh,Hà Tĩnh
Đại Lý Hồng Soa, ,Khối 2 ,TT Diễn Châu ,Diễn Châu-NA,Nghệ An,Nghệ An
Đại Lý Hưng Thảo, ,78- Võ Thị Sáu ,Trường Thi ,Vinh,Nghệ An,Nghệ An
Đại Lý Hải Lan,128,Đường Thăng Long ,Quán Bánh ,Vinh,Nghệ An,Nghệ An
Cty CP TM Hồng Hà,171,Lê Lợi ,Vinh ,Nghệ An,Nghệ An,Nghệ An
Đại Lý Nga Nam, ,Khối 2 ,TT Diễn Châu ,Diễn Châu-NA,Nghệ An,Nghệ An
Đại Lý Phú Mỹ, , Lê Nin ,Hà Huy Tập ,Vinh,Nghệ An,Nghệ An
Đại Lý Nghĩa Linh, ,Khối 2 ,TT Cầu Giát ,Quỳnh Lưu-NA,Nghệ An,Nghệ An
Đại Lý An Đông,72,Phan Bội Châu ,Lê Lợi ,Vinh,Nghệ An,Nghệ An
Đại Lý Hoài Hòa, , Lê Nin ,Hưng Dũng ,Vinh,Nghệ An,Nghệ An
Đại Lý Vinh Thủy,217,Lê Lợi ,Lê Lợi ,Vinh,Nghệ An,Nghệ An
Đại Lý Hậu Chanh,115,Trường chinh ,Lê Lợi ,Vinh,Nghệ An,Nghệ An
Điện máy  Hương Quân,154,"Thành Long ,Nghi Kim ",Vinh ,Nghệ An,Nghệ An,Nghệ An
Đại Lý Thái Nguyên, , Lê Nin ,Hà Huy Tập ,Vinh,Nghệ An,Nghệ An
Đại Lý Đức Anh,32,Hải Thượng ,Bắc Hà ,TP Hà Tĩnh,Hà Tĩnh,Hà Tĩnh
Đại Lý Bằng Sương,47c ,Nguyễn Du ,Bến Thủy ,Vinh,Nghệ An,Nghệ An
Đại Lý Luận Ninh, ,Ngã tư Diễn Xuân ,Diễn Xuân ,Diễn Châu-NA,Nghệ An,Nghệ An
Công ty trách nhiệm hữu hạn Nga Khanh,7,"Nguyễn Chí Thanh ,Tân Giang ",Hà Tĩnh ,Hà Tĩnh,Hà Tĩnh,Hà Tĩnh
Đại Lý Anh Lê Vinh, ,Xóm 6 ,Quỳnh Văn ,Quỳnh Lưu-NA,Nghệ An,Nghệ An
Đại Lý Thắng Hương, ,Khối 2  ,TT Cầu Giát ,Quỳnh Lưu-NA,Nghệ An,Nghệ An
Đại Lý Sỹ Mạnh, , , ,Quỳnh Ngọc,Nghệ An,Nghệ An
Đại Lý Thắng Hiên,Khối 10 ,Tập Thể Dùng ,Thanh Chương ,Vinh,Nghệ An,Nghệ An
Đại Lý Hoàn Duyến, , ,TT Cẩm Xuyên ,Cẩm xuyên,Hà Tĩnh,Hà Tĩnh
Đại Lý Tuyết Đóa, ,Cẩm Thịnh , ,Cẩm xuyên,Hà Tĩnh,Hà Tĩnh
Đại Lý Hoàng Tuấn, ,Thị Trấn Nghèn , ,Can lộc,Hà Tĩnh,Hà Tĩnh
Đại Lý Đình Chúc, ,Khối 1 , ,Cầu Giát,Nghệ An,Nghệ An
Đại Lý Bình Lan, ,Ngã Ba Cầu bùng ,Cầu Bùng ,Diễn Châu-NA,Nghệ An,Nghệ An
Đại Lý Dũng Quyên, ,"Xóm 1, Chợ tảo ",Chợ Tảo ,Diễn Châu-NA,Nghệ An,Nghệ An
Đại Lý Dũng Thái, ,Xóm 14 ,Diễn Thịnh ,Diễn Châu-NA,Nghệ An,Nghệ An
Đại Lý Hải Quý, ,xóm 14 ,Diễn An ,Diễn Châu-NA,Nghệ An,Nghệ An
Đại Lý Hiếu Huyền, ,Thị Trấn Trới ,Hoành Bồ ,Diễn Châu-NA,Nghệ An,Nghệ An
Đại Lý Huấn Hiền, ,Ngã tư Diễn Xuân ,Diễn Xuân ,Diễn Châu-NA,Nghệ An,Nghệ An
Đại Lý Hưng Hương, , ,Diễn Ngọc ,Diễn Châu-NA,Nghệ An,Nghệ An
Đại Lý Hùng Thủy, ,Xóm 1 ,Diễn Bình ,Diễn Châu-NA,Nghệ An,Nghệ An
Đại Lý Hường Ngận, ,Khối nam Diễn Hồng ,Diễn Hồng ,Diễn Châu-NA,Nghệ An,Nghệ An
Đại Lý Linh Hiền, ,QL7 ,TT Diễn Châu ,Diễn Châu-NA,Nghệ An,Nghệ An
Đại Lý Quang Nguyệt, ,Trường tiến ,Diễn Ngọc ,Diễn Châu-NA,Nghệ An,Nghệ An
Đại Lý San Ngợi, ,Ngã tư Diễn Xuân ,Diễn Xuân ,Diễn Châu-NA,Nghệ An,Nghệ An
Đại Lý Sơn Minh, ,Xóm Ngọc Tân ,Diễn Ngọc ,Diễn Châu-NA,Nghệ An,Nghệ An
Siêu thị Hùng Phước, ,Đường 1 , ,Diễn Châu-NA,Nghệ An,Nghệ An
Đại Lý Tâm Dục, , ,Diễn Thịnh ,Diễn Châu-NA,Nghệ An,Nghệ An
Đại Lý Thành Phát,xóm 5 ,Diễn Thành ,Diễn Châu ,Diễn Châu-NA,Nghệ An,Nghệ An
Đại Lý Thương Quang, ,Ngọc Tân ,Diễn Ngọc ,Diễn Châu-NA,Nghệ An,Nghệ An
Đại Lý Tú Huyền, , ,Diễn Xuân ,Diễn Châu-NA,Nghệ An,Nghệ An
Đại Lý Xuân Ánh, ,xóm Xuân Châu ,Diễn Kim ,Diễn Châu-NA,Nghệ An,Nghệ An
Đại Lý Quang huế, ,Xóm 3 , ,Diễn Tháp,Nghệ An,Nghệ An
Đại Lý Tiến Lợi, ,QL 7 ,TT Đô Lương ,Đô Lương-NA,Nghệ An,Nghệ An
Đại Lý Cường Tuyết, , ,Thị Xã Hồng Lĩnh ,Hà Tĩnh,Hà Tĩnh,Hà Tĩnh
Điện tử điện lạnh Hải Đào, ,"Tân Phú ,Thạch Trung ",Thạch Hà ,Hà Tĩnh,Hà Tĩnh,Hà Tĩnh
Đại Lý Bảy Hằng, ,Cạnh quốc lộ 1A ,QL1A ,Hoàng Mai,Nghệ An,Nghệ An
Đại Lý Thái Hằng, ,Cạnh quốc lộ 1A ,QL1A ,Hoàng Mai,Nghệ An,Nghệ An
Đại Lý Hồng Nga, , ,Nghi Ân ,Nghi Lộc,Nghệ An,Nghệ An
Đại Lý Hùng Huyền , , ,TT Quán hành ,Nghi Lộc,Nghệ An,Nghệ An
Đại Lý Mỹ Duyên, ,Xóm 9  ,Nghi Ân ,Nghi Lộc,Nghệ An,Nghệ An
Đại Lý Nhung Hiển, , ,TT Quán hành ,Nghi Lộc,Nghệ An,Nghệ An
Đại Lý Tùng Cúc, ,Xóm tân Nghĩa ,Nghi Xuân ,Nghi Lộc,Nghệ An,Nghệ An
Đại Lý Hương Bình, ,TT Xuân An , ,Nghi Xuân,Hà Tĩnh,Hà Tĩnh
Đại Lý Duẩn Xoa, , ,TX Thái Hòa ,Nghĩa Đàn-NA,Nghệ An,Nghệ An
Đại Lý Phúc An, ,Tuần , ,Quỳnh Châu,Nghệ An,Nghệ An
Đại Lý Hoa Thắng, , , ,Quỳnh Lưu,Nghệ An,Nghệ An
Đại Lý Toàn Vân, , ,Sơn Hải ,Quỳnh Lưu,Nghệ An,Nghệ An
Đại Lý Nhân Trường, , ,Thanh Mai ,Thanh Chương,Nghệ An,Nghệ An
Đại Lý Quốc Cường, ,Khối 6 , ,Thị trấn Diễn Châu,Nghệ An,Nghệ An
Đại Lý Long Diệp, , , ,Thị Trấn Dô Lương,Nghệ An,Nghệ An
Đại Lý Liêm Hợi, , , ,Thị Xã Hồng Lĩnh,Hà Tĩnh,Hà Tĩnh
Đại Lý Long Lan, , , ,Thị Xã Hồng Lĩnh,Hà Tĩnh,Hà Tĩnh
Đại Lý Trường Thi, , , ,Thị Xã Hồng Lĩnh,Hà Tĩnh,Hà Tĩnh
Đại Lý Huyền Hằng, ,45/ Đường 26/03 , ,TP Hà Tĩnh,Hà Tĩnh,Hà Tĩnh
Đại Lý Quốc Trang, ,Khối  4 , ,TT Cầu Giát,Nghệ An,Nghệ An
Đại Lý Ánh Thắm, , , ,TX Hồng Lĩnh,Hà Tĩnh,Hà Tĩnh
Đại Lý Thương Đồng, , , ,TX Hồng Lĩnh,Hà Tĩnh,Hà Tĩnh
Đại Lý Cường Lài,7,Lê Nin ,Nghi Phú ,Vinh,Nghệ An,Nghệ An
Đại Lý Hà Thắng, ,Ngõ 68 Hải Thượng Lãn Ông , ,Vinh,Nghệ An,Nghệ An
Đại Lý Hạnh Phương,78,Phan Đình Phùng ,Cửa Nam ,Vinh,Nghệ An,Nghệ An
Đại Lý Hiền Lý,55,Đại Lộ Lê Nin ,Hà Huy Tập ,Vinh,Nghệ An,Nghệ An
Đại Lý Hoa huy, ,01 - Lý Thường Kiệt ,Lê Lợi ,Vinh,Nghệ An,Nghệ An
Đại Lý Hoài Linh,349/11  ,Nguyễn Trãi ,Quán Bàu ,Vinh,Nghệ An,Nghệ An
Đại Lý Hoài Vân,49,Đại Lộ Lê Nin ,Hà Huy Tập ,Vinh,Nghệ An,Nghệ An
Đại Lý Hoành Toàn, ,Khu Cn Bắc Vinh ,Hưng Đông ,Vinh,Nghệ An,Nghệ An
Đại Lý Long Yến,108,Nguyễn Du ,Bến Thủy ,Vinh,Nghệ An,Nghệ An
Đại Lý Công Viên,12,Đoàn Kết ,Lai Châu ,Lai Châu,Lai Châu,Lai Châu
Đại Lý Đạt Hòa,39,Đoàn Kết ,Lai Châu ,Lai Châu,Lai Châu,Lai Châu
Đại Lý Hoàng Anh, ,Đông Phong ,Lai Châu ,Lai Châu,Lai Châu,Lai Châu
Đại Lý Hương Nguyên, ,Thị trấn Tam Đường ,Tam Đường ,Tam Đường,Lai Châu,Lai Châu
Đại Lý Mạnh Nhương, ,Thị Trấn Mường So ,Phong Thổ ,Phong Thổ,Lai Châu,Lai Châu
Đại Lý Sử Sáu, ,Trần Phú ,Lai Châu ,Lai Châu,Lai Châu,Lai Châu
Đại Lý Thanh Yến,63,Tân Phong ,Lai Châu ,Lai Châu,Lai Châu,Lai Châu
Đại Lý Thêm Độ, ,Thị Trấn Nậm Nhàn ,Nậm Nhàn ,Nậm Nhàn,Lai Châu,Lai Châu
Đại Lý Trọng Đường,16,Đông Phong ,Lai Châu ,Lai Châu,Lai Châu,Lai Châu
Đại Lý Trung Hiển,9A ,Đoàn Kết ,Lai Châu ,Lai Châu,Lai Châu,Lai Châu
Đại Lý Chị Thêu,359,Lê Thanh ,Lào Cai ,Lào Cai,Lào Cai,Lào Cai
Đại Lý Hiếu Tám,145,Võ Nguyên Giáp ,Lào Cai ,Lào Cai,Lào Cai,Lào Cai
Đại Lý Ký Hòa,105,"Nhạc Sơn ,Duyên Hải ",Lào Cai ,Lào Cai,Lào Cai,Lào Cai
Đại Lý Lê Thảo,180,"Nhạc Sơn ,Duyên Hải ",Lào Cai ,Lào Cai,Lào Cai,Lào Cai
Đại Lý Nga Vang,66,Hàm Nghi ,Lào Cai ,Lào Cai,Lào Cai,Lào Cai
Đại Lý Toàn Hương,471,Nguyễn Huệ ,Lào Cai ,Lào Cai,Lào Cai,Lào Cai
Đại Lý An lộc, ,Nông Trang ,Lâm Thao ,Lâm Thao,Phú Thọ,Phú Thọ
Đại Lý Cân Ngân, ,Phú Lộc ,Việt Trì ,Việt Trì,Phú Thọ,Phú Thọ
Đại Lý Cao Minh Phát, ,"Liên Minh, Minh Phương ",Việt Trì ,Việt Trì,Phú Thọ,Phú Thọ
Đại Lý Chuyền Nga, ,"Tổ 23, khu 5 ,Thanh Miếu ",Việt Trì ,Việt Trì,Phú Thọ,Phú Thọ
Công Ty TNHH Hải Tụ, ,"Khu Tân Tiến ,TT Lâm Thao ",Lâm Thao ,Lâm Thao,Phú Thọ,Phú Thọ
Đại Lý Cường Hoa, ,Thị trấn Đoan Hùng ,Đoan Hùng ,Đoan Hùng,Phú Thọ,Phú Thọ
Đại Lý Cương Nga, ,Thị trấn Thanh Ba ,Thanh Ba ,Thanh Ba,Phú Thọ,Phú Thọ
Đại Lý Cửu Phương, ,Dữu Lâu ,Phù Ninh ,Phù Ninh,Phú Thọ,Phú Thọ
Điện máy Hòa Nga, ," Hậu  Cường ,Cao Xá ",Phú Thọ ,Phú Thọ,Phú Thọ,Phú Thọ
Điện máy Huynh Đệ,5,"Trần Phú ,Tiên cát ",Việt Trì ,Phú Thọ,Phú Thọ,Phú Thọ
Điện máy Xuyên Liên,17,"Đường Nam ,Phong Châu ",Phù Ninh ,Phú Thọ,Phú Thọ,Phú Thọ
Đại Lý Định Xuân, ,Tiên Cát ,Việt Trì ,Việt Trì,Phú Thọ,Phú Thọ
Đại Lý Đông Thúy,1971,"Đại Lộ Hùng Vương ,tôổ 15, khu 7, Gia Cẩm ",Việt Trì ,Việt Trì,Phú Thọ,Phú Thọ
Đại Lý Dũng Chiến, ,Trưng Vương ,Việt Trì ,Việt Trì,Phú Thọ,Phú Thọ
Đại Lý Dũng Hà, ,"khu 413  ,Vân Phú ",Việt Trì ,Việt Trì,Phú Thọ,Phú Thọ
Đại Lý Giang Thủy, ,Gia Cẩm ,Việt Trì ,Việt Trì,Phú Thọ,Phú Thọ
Đại Lý Hải Vinh, ,"Khu 9 Cao Xá ,Cao Xá ",Lâm Thao ,Lâm Thao,Phú Thọ,Phú Thọ
Đại Lý Hải Yên, ,Phú Lộc ,Phù Ninh ,Phù Ninh,Phú Thọ,Phú Thọ
Đại Lý Hoa Giang, ,Bản Nguyên ,Việt Trì ,Việt Trì,Phú Thọ,Phú Thọ
Đại Lý Hồng Phúc, ,Phú Hộ ,Việt Trì ,Việt Trì,Phú Thọ,Phú Thọ
Đại Lý Hùng Linh, ,Thanh Miếu ,Việt Trì ,Việt Trì,Phú Thọ,Phú Thọ
Đại Lý Hùng Long, ,Gia Cẩm ,Việt Trì ,Việt Trì,Phú Thọ,Phú Thọ
Đại Lý Hưng Ngọc, ,Vân Cơ ,Việt Trì ,Việt Trì,Phú Thọ,Phú Thọ
Đại Lý Huy Anh, ,Thị trấn Phong Châu ,Việt Trì ,Việt Trì,Phú Thọ,Phú Thọ
Đại Lý Long Biên, ,Trường Thịnh ,Việt Trì ,Việt Trì,Phú Thọ,Phú Thọ
Đại Lý Luận Chuyên, ,"Khu 2  ,Bảo Yên ",Thanh Thủy ,Thanh Thủy,Phú Thọ,Phú Thọ
Đại Lý Luận Chuyên, ,Bảo Yên ,Thanhh Thủy ,Thanhh Thủy,Phú Thọ,Phú Thọ
Đại Lý Luyện Huy, ,Nông Trang ,Việt Trì ,Việt Trì,Phú Thọ,Phú Thọ
Đại Lý Minh Sử, ,Chi Đám ,Đoan Hùng ,Đoan Hùng,Phú Thọ,Phú Thọ
Đại Lý Ngọc Đức, ,Trường Thịnh ,TX.Phú Thọ ,TX.Phú Thọ,Phú Thọ,Phú Thọ
Đại Lý Nhà đẹp, ,Nông Trang ,Việt Trì ,Việt Trì,Phú Thọ,Phú Thọ
Đại Lý Nội thất nhà xinh, ,Nông Trang ,Việt Trì ,Việt Trì,Phú Thọ,Phú Thọ
Đại Lý Quang Thục, ,Hiền Đa ,Cẩm Khê ,Cẩm Khê,Phú Thọ,Phú Thọ
Đại Lý Quốc Anh, ,Trường Thịnh ,TX.Phú Thọ ,TX.Phú Thọ,Phú Thọ,Phú Thọ
Siêu Thị Toàn Anh, ,"Thi Đua , Tiên Cát ",Việt Trì ,Phú Thọ,Phú Thọ,Phú Thọ
Đại Lý Thanh Sơn, ,Thọ Sơn ,Việt Trì ,Việt Trì,Phú Thọ,Phú Thọ
Đại Lý Thảo Hòa, ,Phú Lạc ,Cẩm Khê ,Cẩm Khê,Phú Thọ,Phú Thọ
Đại Lý Thu Thủy, ,Kiên Kiên ,Việt Trì ,Việt Trì,Phú Thọ,Phú Thọ
Đại Lý Trại Thủy, ,Thị trấn Phong Châu ,Phù Ninh ,Phù Ninh,Phú Thọ,Phú Thọ
Đại Lý Trọng Liên, ,"Tổ 15A khu 7 ,Gia Cẩm  ",Việt Trì ,Việt Trì,Phú Thọ,Phú Thọ
Đại Lý Tuấn Lợi, ,Minh Phương ,Lâm Thao ,Lâm Thao,Phú Thọ,Phú Thọ
Đại Lý Tuấn Na , ,"Khu 7, TT Hưng Hóa ,Hưng Hóa ",Tam Nông ,Tam Nông,Phú Thọ,Phú Thọ
Đại Lý Việt Hưng, ,Nông Trang ,TX.Phú Thọ ,TX.Phú Thọ,Phú Thọ,Phú Thọ
Đại Lý Xuân Loan, ,Vân Phú ,Phù Ninh ,Phù Ninh,Phú Thọ,Phú Thọ
Đại Lý Bình Linh, ,Thanh Vân ,Tam Dương ,Tam Dương,Vĩnh Phúc,Vĩnh Phúc
Đại Lý Cao Thúy, ,Vân Xuân ,vĩnh Tường ,vĩnh Tường,Vĩnh Phúc,Vĩnh Phúc
Đại Lý Chiến Nhàn, ,Bình Dương ,Vĩnh Tường ,Vĩnh Tường,Vĩnh Phúc,Vĩnh Phúc
Đại Lý Chiến Quý, ,Quang Hà ,Bình Xuyên ,Bình Xuyên,Vĩnh Phúc,Vĩnh Phúc
Đại Lý Chiến Thúy, ,Hội Hợp ,Vĩnh Yên ,Vĩnh Yên,Vĩnh Phúc,Vĩnh Phúc
Đại Lý Chính Hạnh, ,Tích Sơn ,Vĩnh Yên ,Vĩnh Yên,Vĩnh Phúc,Vĩnh Phúc
Đại Lý Công Cử, ,Quang Hà ,Bình Xuyên ,Bình Xuyên,Vĩnh Phúc,Vĩnh Phúc
Cty Tiến Phượng, ,"Ngọc Động ,Bình Dương ",Vĩnh Tường ,Vĩnh Tường,Vĩnh Phúc,Vĩnh Phúc
Đại Lý Cúc Khẩn, ,Tam Phúc ,Vĩnh Tường ,Vĩnh Tường,Vĩnh Phúc,Vĩnh Phúc
Đại Lý Cường Hoàn, ,Hội Hợp ,Vĩnh Yên ,Vĩnh Yên,Vĩnh Phúc,Vĩnh Phúc
Đại Lý Đại Toan, ,"Cổng UBND Xã Bình Dương ,Bình Dương ",Vĩnh Tường ,Vĩnh Tường,Vĩnh Phúc,Vĩnh Phúc
Đại Lý Diêm Ân, ,Thanh Vân ,Tam Dương ,Tam Dương,Vĩnh Phúc,Vĩnh Phúc
Điện máy  Tuấn Tám, ,"Hùng Vương ,Vĩnh yên ",Vĩnh Yên ,Vĩnh Phúc,Vĩnh Phúc,Vĩnh Phúc
Điện máy Hải Nga, ,"Liên Châu ,Yên Lạc ",Yên Lạc ,Vĩnh Phúc,Vĩnh Phúc,Vĩnh Phúc
Đại Lý Diên Tăng,29,"Hai Bà Trưng ,Hùng Vương ",Phúc Yên ,Phúc Yên,Vĩnh Phúc,Vĩnh Phúc
Đại Lý Đoàn Hà, ,Bá Hiển ,Bình Xuyên ,Bình Xuyên,Vĩnh Phúc,Vĩnh Phúc
Đại Lý Dư Chúc, , Tề Lỗ ,Vĩnh Tường ,Vĩnh Tường,Vĩnh Phúc,Vĩnh Phúc
Đại Lý Đức Liên, ,Hương Canh ,Bình Xuyên ,Bình Xuyên,Vĩnh Phúc,Vĩnh Phúc
Đại Lý Dũng Dung, ,Đống Đa ,Vĩnh Yên ,Vĩnh Yên,Vĩnh Phúc,Vĩnh Phúc
Đại Lý Dũng Duyên, ,TT Thổ Tang ,Vĩnh Tường ,Vĩnh Tường,Vĩnh Phúc,Vĩnh Phúc
Đại Lý Dũng Thắm, ,Sơn Lôi ,Bình Xuyên ,Bình Xuyên,Vĩnh Phúc,Vĩnh Phúc
Đại Lý Dương, ,Thanh Vân ,Tam Dương ,Tam Dương,Vĩnh Phúc,Vĩnh Phúc
Đại Lý Gia Bình, ,Tích Sơn ,Vĩnh Yên ,Vĩnh Yên,Vĩnh Phúc,Vĩnh Phúc
Đại Lý Giang Yến, ,Quang Hà ,Tam Đảo ,Tam Đảo,Vĩnh Phúc,Vĩnh Phúc
Đại Lý Hà Thùy, ,TT Hợp Châu ,Tam Đảo ,Tam Đảo,Vĩnh Phúc,Vĩnh Phúc
Đại Lý Hải Hiền, ,Đống Đa ,Vĩnh Yên ,Vĩnh Yên,Vĩnh Phúc,Vĩnh Phúc
Đại Lý Hải Lợi, ,Thanh Lãng ,Bình Xuyên ,Bình Xuyên,Vĩnh Phúc,Vĩnh Phúc
Đại Lý Hải Vân, ,Yên Lập ,Vĩnh Tường ,Vĩnh Tường,Vĩnh Phúc,Vĩnh Phúc
Đại Lý Hằng Hòa, ,Tề Lỗ ,Yên Lạc ,Yên Lạc,Vĩnh Phúc,Vĩnh Phúc
Đại Lý Hành Tự, ,Ngã tư phúc yên ,Phúc yên ,Phúc yên,Vĩnh Phúc,Vĩnh Phúc
Đại Lý Hiển Hoàn, ,Tam Hồng ,Yên Lạc ,Yên Lạc,Vĩnh Phúc,Vĩnh Phúc
Đại Lý Hiến Hương, ,Tứ Trưng ,Vĩnh Tường ,Vĩnh Tường,Vĩnh Phúc,Vĩnh Phúc
Đại Lý Hiền Khiết, ,Sơn Lôi ,Bình Xuyên ,Bình Xuyên,Vĩnh Phúc,Vĩnh Phúc
Đại Lý Hiển Mai, , Tề Lỗ ,Vĩnh Tường ,Vĩnh Tường,Vĩnh Phúc,Vĩnh Phúc
Đại Lý Hiếu Dung, ,Yên Phương ,Yên Lạc ,Yên Lạc,Vĩnh Phúc,Vĩnh Phúc
Đại Lý Hiếu Tới, ,Tích Sơn ,Vĩnh Yên ,Vĩnh Yên,Vĩnh Phúc,Vĩnh Phúc
Đại Lý Huân Hà, ,TT Hợp Châu ,Tam Đảo ,Tam Đảo,Vĩnh Phúc,Vĩnh Phúc
Đại Lý Kim Cương, ,"Mê Linh ,Liên Bảo ",Vĩnh Yên ,Vĩnh Yên,Vĩnh Phúc,Vĩnh Phúc
Đại Lý Luyện Sử, ,Quất Lưu ,Bình Xuyên ,Bình Xuyên,Vĩnh Phúc,Vĩnh Phúc
Đại Lý Minh Nghiệp, ,"Khu 3 ,TT Vĩnh Tường ",Vĩnh Tường ,Vĩnh Tường,Vĩnh Phúc,Vĩnh Phúc
Đại Lý Minh Phương, ,TT Xuân Hòa ,Phúc yên ,Phúc yên,Vĩnh Phúc,Vĩnh Phúc
Đại Lý Nghĩa Thảo, ,Khai Quang ,Vĩnh Yên ,Vĩnh Yên,Vĩnh Phúc,Vĩnh Phúc
Đại Lý Ngọc Tươi, ,Hội Hợp ,Vĩnh Yên ,Vĩnh Yên,Vĩnh Phúc,Vĩnh Phúc
Đại Lý Oanh Bằng, ,Thanh Lãng ,Bình Xuyên ,Bình Xuyên,Vĩnh Phúc,Vĩnh Phúc
Đại Lý Phú Phương, ,Định Trung ,Vĩnh Yên ,Vĩnh Yên,Vĩnh Phúc,Vĩnh Phúc
Đại Lý Phương An, ,TT Hương Canh ,Bình Xuyên ,Bình Xuyên,Vĩnh Phúc,Vĩnh Phúc
Đại Lý Phượng Chi, ,Khai Quang ,Vĩnh Yên ,Vĩnh Yên,Vĩnh Phúc,Vĩnh Phúc
Đại Lý Quang Đây, ,Đồng Tâm ,vĩnh Yên ,vĩnh Yên,Vĩnh Phúc,Vĩnh Phúc
Đại Lý Quang Hoa, ,Nguyệt Đức ,Yên Lạc ,Yên Lạc,Vĩnh Phúc,Vĩnh Phúc
Đại Lý Quyền Hương, ,Thiện Kế ,Bình Xuyên ,Bình Xuyên,Vĩnh Phúc,Vĩnh Phúc
Đại Lý Quyền Ngân, ,Hội Hợp ,Vĩnh Yên ,Vĩnh Yên,Vĩnh Phúc,Vĩnh Phúc
Đại Lý Sơn Mai, ,Hợp Châu ,Tam Đảo ,Tam Đảo,Vĩnh Phúc,Vĩnh Phúc
Đại Lý Sơn Thúy, ,Đống Đa ,Vĩnh Yên ,Vĩnh Yên,Vĩnh Phúc,Vĩnh Phúc
Đại Lý Súc Sáng, ,Tam Hồng ,Yên Lạc ,Yên Lạc,Vĩnh Phúc,Vĩnh Phúc
Đại Lý Tam Nhất, ,Tích Sơn ,vĩnh Yên ,vĩnh Yên,Vĩnh Phúc,Vĩnh Phúc
Đại Lý Tân Hiền, ,Khai Quang ,Vĩnh Yên ,Vĩnh Yên,Vĩnh Phúc,Vĩnh Phúc
Đại Lý Tân Sơn, ,Ngọc Thanh ,Phúc yên ,Phúc yên,Vĩnh Phúc,Vĩnh Phúc
Đại Lý Thắm Thạo, ,Bình Dương ,Vĩnh Tường ,Vĩnh Tường,Vĩnh Phúc,Vĩnh Phúc
Đại Lý Thân Xuyên, ,Tam Hợp  ,Bình Xuyen ,Bình Xuyen,Vĩnh Phúc,Vĩnh Phúc
Đại Lý Thắng Thịnh, ,thượng Trưng ,Vĩnh Tường ,Vĩnh Tường,Vĩnh Phúc,Vĩnh Phúc
Đại Lý Thanh Hà, ,Kim Long ,Tam Đảo ,Tam Đảo,Vĩnh Phúc,Vĩnh Phúc
Đại Lý Thành Mùi,52,"Hai Bà Trưng ,Hùng Vương ",Phúc Yên ,Phúc Yên,Vĩnh Phúc,Vĩnh Phúc
Đại Lý Thành Thủy, ,Ngọc Thanh ,Phúc yên ,Phúc yên,Vĩnh Phúc,Vĩnh Phúc
Đại Lý Thảo Thoa, ,Quất Lưu ,Bình Xuyen ,Bình Xuyen,Vĩnh Phúc,Vĩnh Phúc
Đại Lý Thọ Viết, ,đồng cương ,Yên Lạc ,Yên Lạc,Vĩnh Phúc,Vĩnh Phúc
Đại Lý Thu Đức, ,hợp thịnh ,Tam Dương ,Tam Dương,Vĩnh Phúc,Vĩnh Phúc
Đại Lý Thủy Thỏa, ,Trung Nguyên ,Yên Lạc ,Yên Lạc,Vĩnh Phúc,Vĩnh Phúc
Đại Lý Thúy Tuế, ,Khai Quang ,Vĩnh Yên ,Vĩnh Yên,Vĩnh Phúc,Vĩnh Phúc
Đại Lý Tiến Nga, ,"Khu 7 ,Tiền Phong ",Mê Linh ,Mê Linh,Vĩnh Phúc,Vĩnh Phúc
Đại Lý Tiến Phú, ,Đồng Tâm ,Vĩnh Yên ,Vĩnh Yên,Vĩnh Phúc,Vĩnh Phúc
Đại Lý Toàn Mạnh Thắng, ,"Hồng Hồ ,Thanh Lãng ",Bình Xuyên ,Bình Xuyên,Vĩnh Phúc,Vĩnh Phúc
Đại Lý Toàn Thắng, ,TT Xuân Hòa ,Phúc yên ,Phúc yên,Vĩnh Phúc,Vĩnh Phúc
Đại Lý Trần Lê, ,Lê xoay ,Vĩnh Yên ,Vĩnh Yên,Vĩnh Phúc,Vĩnh Phúc
Đại Lý Trường Vi, ,Quang Hà ,Bình Xuyên ,Bình Xuyên,Vĩnh Phúc,Vĩnh Phúc
Đại Lý Tuấn Bích, ,TT Hương Canh ,Bình Xuyên ,Bình Xuyên,Vĩnh Phúc,Vĩnh Phúc
Đại Lý Tuấn Hoa, ,Hương Canh ,Bình Xuyên ,Bình Xuyên,Vĩnh Phúc,Vĩnh Phúc
Đại Lý Tuấn Huệ, ,Tích Sơn ,vĩnh Yên ,vĩnh Yên,Vĩnh Phúc,Vĩnh Phúc
Đại Lý Tuấn Liên, , Ngô Quyền ,Vĩnh Yên ,Vĩnh Yên,Vĩnh Phúc,Vĩnh Phúc
Đại Lý Tuấn Tú, ,"TT Hương Canh ,Hương Canh ",Bình Xuyên ,Bình Xuyên,Vĩnh Phúc,Vĩnh Phúc
Đại Lý Tường Lan, ,Ngọc Thạch ,Phúc yên ,Phúc yên,Vĩnh Phúc,Vĩnh Phúc
Đại Lý Tuyến Huấn, ,Tam Hồng ,Yên Lạc ,Yên Lạc,Vĩnh Phúc,Vĩnh Phúc
Đại Lý Vân Lợi, ,Vân Xuân ,Vĩnh Tường ,Vĩnh Tường,Vĩnh Phúc,Vĩnh Phúc
Đại Lý Xuân Tuấn, ,TT Thổ Tang ,Vĩnh Tường ,Vĩnh Tường,Vĩnh Phúc,Vĩnh Phúc
Đại Lý Xuyên Loan, , Tam hồng ,Yên Lạc ,Yên Lạc,Vĩnh Phúc,Vĩnh Phúc
Đại Lý Anh Thái,2,Mậu A ,Văn Yên ,Văn Yên,Yên Bái,Yên Bái
Đại Lý Chiến Thắng,410,Nguyễn Thái Học ,Yên Bái ,Yên Bái,Yên Bái,Yên Bái
Đại Lý Cường Bắc, ,Thị trấn Yên Bình ,Yên Bình ,Yên Bình,Yên Bái,Yên Bái
Điện máy  Dương Hồng,228,"Tổ 12 ,Phường Trung Tâm ",Nghĩa Lộ ,Yên Bái,Yên Bái,Yên Bái
Điện máy Tuyển Hằng,4,"Tổ 10 ,Nguyễn Thái Học ",Yên Bái ,Yên Bái,Yên Bái,Yên Bái
Đại Lý Định Chinh, ,Thượng bàng la ,Văn Chấn ,Văn Chấn,Yên Bái,Yên Bái
Đại Lý Hà Long,59,Lê Văn Tám ,Yên Bái ,Yên Bái,Yên Bái,Yên Bái
Đại Lý Hải Huế,215,Hợp Minh ,Yên Bái ,Yên Bái,Yên Bái,Yên Bái
Đại Lý Hải Mến,49,Kim Đồng ,Yên Bái ,Yên Bái,Yên Bái,Yên Bái
Đại Lý Hòa Bình,69,Nguyễn Thái Học ,Yên Bái ,Yên Bái,Yên Bái,Yên Bái
Đại Lý Hoan Hằng,112,Trần Phú ,Yên Bái ,Yên Bái,Yên Bái,Yên Bái
Đại Lý Hồng Dương, ,Phường trung tâm ,Nghĩa Lộ ,Nghĩa Lộ,Yên Bái,Yên Bái
Đại Lý Hương Dần,72,Trần Hưng Đạo ,Yên Bái ,Yên Bái,Yên Bái,Yên Bái
Đại Lý Minh Thau,78,Điện Biên ,Yên Bái ,Yên Bái,Yên Bái,Yên Bái
Đại Lý Nga Thành, ,An Bình ,Văn Yên ,Văn Yên,Yên Bái,Yên Bái
Đại Lý Phúc Thịnh,207,Lý Thường Kiệt ,Yên Bái ,Yên Bái,Yên Bái,Yên Bái
Đại Lý Quang Thoa,63,Đinh Tiên Hoàng ,Yên Bái ,Yên Bái,Yên Bái,Yên Bái
Đại Lý Tiến Anh,411,"Đại Lộ Thăng Long , ",Yên Bái ,Yên Bái,Yên Bái,Yên Bái
Đại Lý Tiến Đạt, ,Phúc Lộc ,Yên Bái ,Yên Bái,Yên Bái,Yên Bái
Đại Lý Trường Giang,29,Yên Thịnh ,Yên Bái ,Yên Bái,Yên Bái,Yên Bái
Đại Lý Tuyên Nhung,525,Điện Biên ,Yên Bái ,Yên Bái,Yên Bái,Yên Bái
Đại Lý Văn Thành,9,Lê Hồng Phong ,Yên Bái ,Yên Bái,Yên Bái,Yên Bái
